pdf_page,groupe_budgetaire,code_action,libelle,cp_2026_fcfa
199,PERSONNEL,11016001385,Assurer le traitement salarial du personnel du district de Yamoussoukro,485316543
199,PERSONNEL,11016001386,Assurer le traitement salarial du personnel du Conseil Régional du Bélier,204343802
199,PERSONNEL,14016000555,Assurer le traitement salarial du personnel du Conseil Régional du N'ZI,204343802
199,PERSONNEL,15016000912,Assurer le traitement salarial du personnel du Conseil Régional de l'Iffou,204343802
199,PERSONNEL,16016001173,Assurer le traitement salarial du personnel du Conseil Régional du Moronou,102171901
199,PERSONNEL,17016001165,Assurer le traitement salarial du personnel du Conseil Régional du Gbêkê,306515703
199,PERSONNEL,18016001439,Assurer le traitement salarial du personnel du Conseil Régional du Hambol,204343802
199,PERSONNEL,23016001408,Assurer le traitement salarial du personnel du Conseil Régional du Kabadougou,102171901
199,PERSONNEL,24016001184,Assurer le traitement salarial du personnel du Conseil Régional du Tchologo,102171901
199,PERSONNEL,25016002236,Assurer le traitement salarial du personnel du Conseil Régional du Poro,102171901
199,PERSONNEL,26016001199,Assurer le traitement salarial du personnel du Conseil Régional de la Bagoué,204343802
199,PERSONNEL,27016000626,Assurer le traitement salarial du personnel du Conseil Régional du Folon,100000000
199,PERSONNEL,28016000783,Assurer le traitement salarial du personnel du Conseil Régional du BounKani,102171901
199,PERSONNEL,31016001442,Assurer le traitement salarial du personnel du Conseil Régional du Haut Sassandra,306515703
199,PERSONNEL,32016001106,Assurer le traitement salarial du personnel du Conseil Régional du Goh,204343802
199,PERSONNEL,35016000899,Assurer le traitement salarial du personnel du Conseil Régional de la Marahoué,306515703
199,PERSONNEL,36016000982,Assurer le traitement salarial du personnel du Conseil Régional du Worodougou,102171901
199,PERSONNEL,37016000825,Assurer le traitement salarial du personnel du Conseil Régional du Béré,102171901
199,PERSONNEL,41016001740,Assurer le traitement salarial du personnel du Conseil Régional du Tonkpi,306515703
200,PERSONNEL,42016000647,Assurer le traitement salarial du personnel du Conseil Régional du Cavally,204343802
200,PERSONNEL,43016000852,Assurer le traitement salarial du personnel du Conseil Régional du Guémon,102171901
200,PERSONNEL,51016000849,Assurer le traitement salarial du personnel du Conseil Régional du Loh-djiboua,204343802
200,PERSONNEL,55016000914,Assurer le traitement salarial du personnel du Conseil Régional de San-pédro,204343802
200,PERSONNEL,55016001172,Assurer le traitement salarial du personnel du Conseil Régional du Bafing,102171901
200,PERSONNEL,56016001033,Assurer le traitement salarial du personnel du Conseil Régional de la Nawa,102171901
200,PERSONNEL,57016000552,Assurer le traitement salarial du personnel du Conseil Régional du Gboklé,100000000
200,PERSONNEL,61016000999,Assurer le traitement salarial du personnel du Conseil Régional de l'Indénié djuablin,204343802
200,PERSONNEL,62016001369,Assurer le traitement salarial du personnel du Conseil Régional de Gontougo,204343802
200,PERSONNEL,71016001180,Assurer le traitement salarial du personnel du Conseil Régional du Sud-Comoé,306515703
200,PERSONNEL,76016001215,Assurer le traitement salarial du personnel du Conseil Régional de l'Agneby-tiassa,204343802
200,PERSONNEL,77016001409,Assurer le traitement salarial du personnel du Conseil Régional de la Mé,204343802
200,PERSONNEL,79016000544,Assurer le traitement salarial du personnel du Conseil Régional des Grands Ponts,306515703
200,TRANSFERT,11016001387,Assurer le fonctionnement des services de la Commune de Yamoussoukro,1000000000
200,TRANSFERT,11016001388,Assurer le fonctionnement des services de la Commune de Kokumbo,113944904
200,TRANSFERT,11016001699,Assurer le fonctionnement des services du district de Yamoussoukro,1585000000
200,TRANSFERT,11016001716,Assurer le fonctionnement des services de la Commune de Tiebissou,123668818
200,TRANSFERT,11016001872,Assurer le fonctionnement des services de la Commune de Djekanou,111230694
200,TRANSFERT,11016001943,Assurer le fonctionnement des services de la Commune de Didiévi,110967252
200,TRANSFERT,11016002025,Assurer le fonctionnement des services de la Commune d'Attiegouakro,106576134
200,TRANSFERT,11016002099,Assurer le fonctionnement des services de la Commune de Toumodi,146540756
200,TRANSFERT,11016002144,Assurer le fonctionnement des services du Conseil Régional du Bélier,287884405
200,TRANSFERT,11016002165,Assurer le fonctionnement des services de la Commune de Tié n'diékro,105319086
200,TRANSFERT,14016000465,Assurer le fonctionnement des services de la Commune de Bocanda,113466149
200,TRANSFERT,14016000466,Assurer le fonctionnement des services de la Commune de Dimbokro,142265527
200,TRANSFERT,14016000562,Assurer le fonctionnement des services du Conseil Régional du N'zi,269337527
200,TRANSFERT,14016000568,Assurer le fonctionnement des services de la Commune de Kouassi-Kouassikro,108872384
200,TRANSFERT,15016000769,Assurer le fonctionnement des services de la Commune d'Ettrokro,106215802
200,TRANSFERT,15016000770,Assurer le fonctionnement des services de la Commune de M'bahiakro,111566329
200,TRANSFERT,15016000771,Assurer le fonctionnement des services de la Commune de Prikro,113509845
200,TRANSFERT,15016001034,Assurer le fonctionnement des services du Conseil Régional de l'Iffou,283617482
201,TRANSFERT,15016001037,Assurer le fonctionnement des services de la Commune de Daoukro,162783587
201,TRANSFERT,15016001147,Assurer le fonctionnement des services de la Commune de Ouellé,114119054
201,TRANSFERT,16016000818,Assurer le fonctionnement des services du Conseil Régional du Moronou,290668337
201,TRANSFERT,16016000819,Assurer le fonctionnement des services de la Commune de M'batto,134557955
201,TRANSFERT,16016000999,Assurer le fonctionnement des services de la Commune d'Anoumaba,109707671
201,TRANSFERT,16016001118,Assurer le fonctionnement des services de la Commune d'Arrah,121399799
201,TRANSFERT,16016001120,Assurer le fonctionnement des services de la Commune de Tiémélekro,109927417
201,TRANSFERT,16016001163,Assurer le fonctionnement des services de la Commune de Bongouanou,136510971
201,TRANSFERT,17016001166,Assurer le fonctionnement des services de la Commune de Bouaké,595940732
201,TRANSFERT,17016001167,Assurer le fonctionnement des services de la Commune de Botro,119729224
201,TRANSFERT,17016001381,Assurer le fonctionnement des services de la Commune de Brobo,113162811
201,TRANSFERT,17016001433,Assurer le fonctionnement des services du Conseil Régional du Gbêkê,395880419
201,TRANSFERT,17016001437,Assurer le fonctionnement des services de la Commune de Djebonoua,119900841
201,TRANSFERT,17016001438,Assurer le fonctionnement des services de la Commune de Sakassou,129208694
201,TRANSFERT,17016001569,Assurer le fonctionnement des services de la Commune de Béoumi,132499183
201,TRANSFERT,17016001635,Assurer le fonctionnement des services de la Commune de Bodokro,109942616
201,TRANSFERT,17016001760,Assurer le fonctionnement des services de la Commune de Diabo,117387379
201,TRANSFERT,18016001440,Assurer le fonctionnement des services de la Commune de Bassawa,101708161
201,TRANSFERT,18016001441,Assurer le fonctionnement des services de la Commune de Boniérédougou,111153435
201,TRANSFERT,18016001708,Assurer le fonctionnement des services de la Commune de Fronan,119860312
201,TRANSFERT,18016001761,Assurer le fonctionnement des services de la Commune de Foumbolo,110878594
201,TRANSFERT,18016001787,Assurer le fonctionnement des services de la Commune de Dabakala,121613846
201,TRANSFERT,18016001788,Assurer le fonctionnement des services de la Commune de Niakaramadougou,123456038
201,TRANSFERT,18016001959,Assurer le fonctionnement des services du Conseil Régional du Hambol,310517656
201,TRANSFERT,18016001960,Assurer le fonctionnement des services de la Commune de Satama-Sokoro,103966414
201,TRANSFERT,18016002080,Assurer le fonctionnement des services de la Commune de Satama-Sokoura,102724565
201,TRANSFERT,18016002166,Assurer le fonctionnement des services de la Commune de Tortiya,113461083
201,TRANSFERT,18016002172,Assurer le fonctionnement des services de la Commune de Katiola,156137382
201,TRANSFERT,18016002242,Assurer le fonctionnement des services de la Commune de Tafiré,116846563
201,TRANSFERT,22016000761,Assurer le fonctionnement des services de la Commune de Touba,125467948
201,TRANSFERT,22016000762,Assurer le fonctionnement des services de la Commune de Koonan,103932218
201,TRANSFERT,22016000926,Assurer le fonctionnement des services de la Commune de Koro,104884661
201,TRANSFERT,22016000942,Assurer le fonctionnement des services de la Commune de Ouaninou,109860924
202,TRANSFERT,22016001071,Assurer le fonctionnement des services de la Commune de Booko,105751612
202,TRANSFERT,22016001180,Assurer le fonctionnement des services de la Commune de Borotou,100358659
202,TRANSFERT,22016001205,Assurer le fonctionnement des services de la Commune de Guintéguéla,111542898
202,TRANSFERT,23016001409,Assurer le fonctionnement des services du Conseil Régional du Kabadougou,273391293
202,TRANSFERT,23016001412,Assurer le fonctionnement des services de la Commune d'Odienné,149269531
202,TRANSFERT,23016001413,Assurer le fonctionnement des services de la Commune de Dioulatiédougou,101562508
202,TRANSFERT,23016001414,Assurer le fonctionnement des services de la Commune de Seydougou,103288812
202,TRANSFERT,23016001672,Assurer le fonctionnement des services de la Commune de Bako,104856797
202,TRANSFERT,23016001700,Assurer le fonctionnement des services de la Commune de Tiémé,106110678
202,TRANSFERT,23016001748,Assurer le fonctionnement des services de la Commune de Gbéléban,101591006
202,TRANSFERT,23016001911,Assurer le fonctionnement des services de la Commune de Séguélon,104574357
202,TRANSFERT,23016001980,Assurer le fonctionnement des services de la Commune de Séguéla,145592112
202,TRANSFERT,23016002036,Assurer le fonctionnement des services de la Commune de Madinani,107299966
202,TRANSFERT,23016002171,Assurer le fonctionnement des services de la Commune de Samatiguila,103661810
202,TRANSFERT,24016000818,Assurer le fonctionnement des services de la Commune de Ferkessédougou,151392264
202,TRANSFERT,24016000819,Assurer le fonctionnement des services de la Commune de Koumbala,101362394
202,TRANSFERT,24016000820,Assurer le fonctionnement des services de la Commune de Diawala,125490113
202,TRANSFERT,24016001019,Assurer le fonctionnement des services de la Commune de Kong,113048822
202,TRANSFERT,24016001099,Assurer le fonctionnement des services du Conseil Régional du Tchologo,309487018
202,TRANSFERT,24016001109,Assurer le fonctionnement des services de la Commune de Niellé,123209062
202,TRANSFERT,24016001231,Assurer le fonctionnement des services de la Commune de Ouangolodougou,138198011
202,TRANSFERT,24016001579,Assurer la gestion des cantines scolaires dans la Région du Tchologo,600000000
202,TRANSFERT,25016001405,Assurer le fonctionnement des services de la Commune de Napieledougou,112542837
202,TRANSFERT,25016001406,Assurer le fonctionnement des services de la Commune de Niofoin,103881556
202,TRANSFERT,25016001407,Assurer le fonctionnement des services de la Commune de karakoro,106693923
202,TRANSFERT,25016001408,Assurer le fonctionnement des services de la Commune de komborodougou,104573724
202,TRANSFERT,25016001409,Assurer le fonctionnement des services de la Commune de Guiémbé,103725137
202,TRANSFERT,25016001730,Assurer le fonctionnement des services de la Commune de Sirasso,105142403
202,TRANSFERT,25016001760,Assurer le fonctionnement des services de la Commune de Tioroniaradougou,108543082
202,TRANSFERT,25016001761,Assurer le fonctionnement des services de la Commune de Dikodougou,111849402
202,TRANSFERT,25016001918,Assurer le fonctionnement des services de la Commune de M'bengué,114234943
202,TRANSFERT,25016002138,Assurer le fonctionnement des services de la Commune de Sinématiali,127734434
202,TRANSFERT,25016002198,Assurer le fonctionnement des services de la Commune de Korhogo,353725033
203,TRANSFERT,25016002252,Assurer le fonctionnement des services du Conseil Régional du Poro,359881363
203,TRANSFERT,25016002926,Assurer la gestion des cantines scolaires dans la Région du Poro,600000000
203,TRANSFERT,26016000964,Assurer le fonctionnement des services de la Commune de Boundiali,142613827
203,TRANSFERT,26016000965,Assurer le fonctionnement des services de la Commune de Kasséré,109345439
203,TRANSFERT,26016000966,Assurer le fonctionnement des services de la Commune de Kolia,106493175
203,TRANSFERT,26016001208,Assurer le fonctionnement des services de la Commune de Kouto,115785197
203,TRANSFERT,26016001209,Assurer le fonctionnement des services de la Commune de Gbon,106246199
203,TRANSFERT,26016001309,Assurer le fonctionnement des services de la Commune de Tengréla,138785056
203,TRANSFERT,26016001426,Assurer le fonctionnement des services du Conseil Régional de la Bagoué,299440572
203,TRANSFERT,26016001464,Assurer le fonctionnement des services de la Commune de kanakono,118134008
203,TRANSFERT,26016001809,Assurer la gestion des cantines scolaires dans la Région de la Bagoué,600000000
203,TRANSFERT,27016000628,Assurer le fonctionnement des services de la Commune de minignan,105999855
203,TRANSFERT,27016000629,Assurer le fonctionnement des services de la Commune de Tienko,106428582
203,TRANSFERT,27016000772,Assurer le fonctionnement des services de la Commune de Kaniasso,103024103
203,TRANSFERT,27016000855,Assurer le fonctionnement des services de la Commune de Goulia,105589494
203,TRANSFERT,27016000949,Assurer le fonctionnement des services du Conseil Régional du Folon,256846125
203,TRANSFERT,27016001237,Assurer la gestion des cantines scolaires dans la Région du Folon,600000000
203,TRANSFERT,28016000639,Assurer le fonctionnement des services de la Commune de Bouna,126132885
203,TRANSFERT,28016000640,Assurer le fonctionnement des services de la Commune de Doropo,116858595
203,TRANSFERT,28016000792,Assurer le fonctionnement des services du Conseil Régional du BounKani,289202976
203,TRANSFERT,28016000794,Assurer le fonctionnement des services de la Commune de Téhini,106975097
203,TRANSFERT,28016000863,Assurer le fonctionnement des services de la Commune de Nassian,111686018
203,TRANSFERT,28016001218,Assurer la gestion des cantines scolaires dans la Région du Bounkani,600000000
203,TRANSFERT,31016001054,Assurer le fonctionnement des services de la Commune de Bédiala,119160544
203,TRANSFERT,31016001055,Assurer le fonctionnement des services de la Commune d'Issia,164250881
203,TRANSFERT,31016001056,Assurer le fonctionnement des services de la Commune de Vavoua,160944560
203,TRANSFERT,31016001316,Assurer le fonctionnement des services de la Commune de Gboguhé,114460389
203,TRANSFERT,31016001440,Assurer le fonctionnement des services du Conseil Régional du Haut Sassandra,440446964
203,TRANSFERT,31016001441,Assurer le fonctionnement des services de la Commune de Daloa,321440119
203,TRANSFERT,31016001498,Assurer le fonctionnement des services de la Commune de Zoukougbeu,120358065
203,TRANSFERT,31016001552,Assurer le fonctionnement des services de la Commune de Saïoua,144564942
203,TRANSFERT,32016000784,Assurer le fonctionnement des services du Conseil Régional du Goh,353523668
203,TRANSFERT,32016000785,Assurer le fonctionnement des services de la Commune de Gagnoa,238438234
204,TRANSFERT,32016000947,Assurer le fonctionnement des services de la Commune de Guibéroua,125512910
204,TRANSFERT,32016001177,Assurer le fonctionnement des services de la Commune de Diégonéfla,131965334
204,TRANSFERT,32016001193,Assurer le fonctionnement des services de la Commune de Ouragahio,125393222
204,TRANSFERT,32016001215,Assurer le fonctionnement des services de la Commune d'Oumé,141929258
204,TRANSFERT,35016000735,Assurer le fonctionnement des services du Conseil Régional de la Marahoué,353051038
204,TRANSFERT,35016000736,Assurer le fonctionnement des services de la Commune de Sinfra,161073748
204,TRANSFERT,35016000737,Assurer le fonctionnement des services de la Commune de Gohitafla,119242870
204,TRANSFERT,35016000982,Assurer le fonctionnement des services de la Commune de Zuénoula,129577893
204,TRANSFERT,35016001038,Assurer le fonctionnement des services de la Commune de Bouaflé,169045395
204,TRANSFERT,35016001166,Assurer le fonctionnement des services de la Commune de Bonon,172748144
204,TRANSFERT,36016000983,Assurer le fonctionnement des services de la Commune de Dualla,101744258
204,TRANSFERT,36016000984,Assurer le fonctionnement des services de la Commune de Kani,115517322
204,TRANSFERT,36016000985,Assurer le fonctionnement des services de la Commune de Sifié,115434997
204,TRANSFERT,36016001217,Assurer le fonctionnement des services du Conseil Régional du Worodougou,289522710
204,TRANSFERT,36016001218,Assurer le fonctionnement des services de la Commune de Massala,106897837
204,TRANSFERT,36016001339,Assurer le fonctionnement des services de la Commune de worofla,107407622
204,TRANSFERT,36016001532,Assurer le fonctionnement des services de la Commune de Djibrosso,105407745
204,TRANSFERT,36016001555,Assurer le fonctionnement des services de la Commune de Morondo,105425476
204,TRANSFERT,37016000826,Assurer le fonctionnement des services de la Commune de Sarhala,108870484
204,TRANSFERT,37016000827,Assurer le fonctionnement des services de la Commune de Dianra,118871772
204,TRANSFERT,37016001030,Assurer le fonctionnement des services de la Commune de Mankono,127400699
204,TRANSFERT,37016001171,Assurer le fonctionnement des services de la Commune de Kongasso,110054705
204,TRANSFERT,37016001178,Assurer le fonctionnement des services de la Commune de Tiéningboué,111079342
204,TRANSFERT,37016001244,Assurer le fonctionnement des services de la Commune de Kounahiri,113060221
204,TRANSFERT,37016001275,Assurer le fonctionnement des services du Conseil Régional du Béré,296705377
204,TRANSFERT,41016001143,Assurer le fonctionnement des services de la Commune de Gbonné,108112456
204,TRANSFERT,41016001144,Assurer le fonctionnement des services de la Commune de Man,239282387
204,TRANSFERT,41016001145,Assurer le fonctionnement des services de la Commune de Sangouine,125192474
204,TRANSFERT,41016001146,Assurer le fonctionnement des services de la Commune de Zouan-hounien,145174785
204,TRANSFERT,41016001412,Assurer le fonctionnement des services du Conseil Régional du Tonkpi,399914137
204,TRANSFERT,41016001413,Assurer le fonctionnement des services de la Commune de Danané,165318580
204,TRANSFERT,41016001414,Assurer le fonctionnement des services de la Commune de Sipilou,107652066
204,TRANSFERT,41016001547,Assurer le fonctionnement des services de la Commune de Bin-Houye,118239132
205,TRANSFERT,41016001548,Assurer le fonctionnement des services de la Commune de Biankouma,125816248
205,TRANSFERT,41016001615,Assurer le fonctionnement des services de la Commune de Logoualé,116433036
205,TRANSFERT,41016002387,Assurer la gestion des cantines scolaires dans la Région du Tonkpi,600000000
205,TRANSFERT,42016000648,Assurer le fonctionnement des services du Conseil Régional du Cavally,321603152
205,TRANSFERT,42016000649,Assurer le fonctionnement des services de la Commune de Taï,114103856
205,TRANSFERT,42016000650,Assurer le fonctionnement des services de la Commune de Toulepleu,116089168
205,TRANSFERT,42016000792,Assurer le fonctionnement des services de la Commune de Bloléquin,176713703
205,TRANSFERT,42016001001,Assurer le fonctionnement des services de la Commune de Guiglo,184188229
205,TRANSFERT,43016000685,Assurer le fonctionnement des services de la Commune de Duékoué,224931777
205,TRANSFERT,43016000686,Assurer le fonctionnement des services de la Commune de Facobly,116058138
205,TRANSFERT,43016000856,Assurer le fonctionnement des services de la Commune de Kouibli,123095706
205,TRANSFERT,43016000922,Assurer le fonctionnement des services du Conseil Régional du Guémon,347254692
205,TRANSFERT,43016000973,Assurer le fonctionnement des services de la Commune de Bangolo,134462964
205,TRANSFERT,51016000850,Assurer le fonctionnement des services du Conseil Régional du Loh-djiboua,367105278
205,TRANSFERT,51016000851,Assurer le fonctionnement des services de la Commune de Lakota,152409301
205,TRANSFERT,51016001171,Assurer le fonctionnement des services de la Commune de Guitry,131940636
205,TRANSFERT,51016001210,Assurer le fonctionnement des services de la Commune de Zikisso,106241766
205,TRANSFERT,51016001218,Assurer le fonctionnement des services de la Commune de Divo,248773256
205,TRANSFERT,51016001289,Assurer le fonctionnement des services de la Commune de Hiré,148220197
205,TRANSFERT,55016000749,Assurer le fonctionnement des services du Conseil Régional du Bafing,270285437
205,TRANSFERT,55016000750,Assurer le fonctionnement des services du Conseil Régional de San-pédro,362216056
205,TRANSFERT,55016000751,Assurer le fonctionnement des services de la Commune de Grand-Béréby,117505801
205,TRANSFERT,55016000752,Assurer le fonctionnement des services de la Commune de San-Pedro,301845372
205,TRANSFERT,55016000753,Assurer le fonctionnement des services de la Commune de Tabou,125441984
205,TRANSFERT,55016000919,Assurer le fonctionnement des services de la Commune de Grabo,119658931
205,TRANSFERT,56016000833,Assurer le fonctionnement des services de la Commune de Méagui,164226817
205,TRANSFERT,56016001022,Assurer le fonctionnement des services de la Commune de Soubré,231867388
205,TRANSFERT,56016001044,Assurer le fonctionnement des services de la Commune de Gueyo,115759866
205,TRANSFERT,56016001139,Assurer le fonctionnement des services de la Commune de Buyo,128564022
205,TRANSFERT,56016001190,Assurer le fonctionnement des services de la Commune de Grand-zattry,126326667
205,TRANSFERT,56016001191,Assurer le fonctionnement des services de la Commune de Mayo,114991705
205,TRANSFERT,56016001264,Assurer le fonctionnement des services du Conseil Régional de la Nawa,374285064
205,TRANSFERT,57016000416,Assurer le fonctionnement des services du Conseil Régional du Gboklé,293113871
206,TRANSFERT,57016000417,Assurer le fonctionnement des services de la Commune de Sassandra,136210166
206,TRANSFERT,57016000509,Assurer le fonctionnement des services de la Commune de Fresco,116315247
206,TRANSFERT,61016000646,Assurer le fonctionnement des services du Conseil Régional de l'Indénié djuablin,322548182
206,TRANSFERT,61016000647,Assurer le fonctionnement des services de la Commune d'Abengourou,187239341
206,TRANSFERT,61016000796,Assurer le fonctionnement des services de la Commune de Niablé,116151862
206,TRANSFERT,61016000863,Assurer le fonctionnement des services de la Commune d'Agnibilékrouu,154525701
206,TRANSFERT,61016000876,Assurer le fonctionnement des services de la Commune de Bettié,114010131
206,TRANSFERT,62016001104,Assurer le fonctionnement des services du Conseil Régional de Gontougo,345751654
206,TRANSFERT,62016001105,Assurer le fonctionnement des services de la Commune de Kouassi-datèkro,107596338
206,TRANSFERT,62016001106,Assurer le fonctionnement des services de la Commune de Koun-fao,113077320
206,TRANSFERT,62016001107,Assurer le fonctionnement des services de la Commune de Tanda,125414753
206,TRANSFERT,62016001351,Assurer le fonctionnement des services de la Commune de Bondoukou,175196380
206,TRANSFERT,62016001516,Assurer le fonctionnement des services de la Commune de Transua,120924844
206,TRANSFERT,62016001577,Assurer le fonctionnement des services de la Commune de Sangégué,105151902
206,TRANSFERT,62016001744,Assurer le fonctionnement des services de la Commune d'Assuefry,121565717
206,TRANSFERT,71016001181,Assurer le fonctionnement des services de la Commune d'Aboisso,145555382
206,TRANSFERT,71016001182,Assurer le fonctionnement des services de la Commune d'Ayamé,112567534
206,TRANSFERT,71016001183,Assurer le fonctionnement des services de la Commune de Maféré,117327851
206,TRANSFERT,71016001184,Assurer le fonctionnement des services de la Commune de Tiapoum,115130392
206,TRANSFERT,71016001420,Assurer le fonctionnement des services du Conseil Régional du Sud-comoé,330434954
206,TRANSFERT,71016001465,Assurer le fonctionnement des services de la Commune de grand-bassam,177621817
206,TRANSFERT,71016001618,Assurer le fonctionnement des services de la Commune d'Assinie Mafia,112631495
206,TRANSFERT,71016001838,Assurer le fonctionnement des services de la Commune d'Adiaké,124297659
206,TRANSFERT,71016001843,Assurer le fonctionnement des services de la Commune de Bonoua,159373409
206,TRANSFERT,76016000991,Assurer le fonctionnement des services de la Commune de de Taabo,117280356
206,TRANSFERT,76016000992,Assurer le fonctionnement des services de la Commune de de Tiassalé,127904151
206,TRANSFERT,76016001216,Assurer le fonctionnement des services de la Commune d'Agboville,165476265
206,TRANSFERT,76016001217,Assurer le fonctionnement des services de la Commune de N'douci,150890711
206,TRANSFERT,76016001317,Assurer le fonctionnement des services de la Commune de Sikensi,151167452
206,TRANSFERT,76016001340,Assurer le fonctionnement des services du Conseil Régional de l'Agneby-tiassa,339774414
206,TRANSFERT,76016001345,Assurer le fonctionnement des services de la Commune de Rubino,109130126
206,TRANSFERT,76016001497,Assurer le fonctionnement des services de la Commune d'Azaguié,122843030
206,TRANSFERT,77016000883,Assurer le fonctionnement des services de la Commune d'Adzopé,156847914
207,TRANSFERT,77016000884,Assurer le fonctionnement des services de la Commune d'Agou,118425947
207,TRANSFERT,77016000885,Assurer le fonctionnement des services de la Commune de Yakasse-attobrou,139463291
207,TRANSFERT,77016001067,Assurer le fonctionnement des services de la Commune d'Alépé,120596175
207,TRANSFERT,77016001097,Assurer le fonctionnement des services de la Commune d'Akoupé,147204426
207,TRANSFERT,77016001216,Assurer le fonctionnement des services de la Commune d'Affery,128569721
207,TRANSFERT,77016001395,Assurer le fonctionnement des services du Conseil Régional de la Mé,323725955
207,TRANSFERT,78016001400,Assurer le fonctionnement des services de la commune d'attecoube,300000000
207,TRANSFERT,78016001401,Assurer le fonctionnement des services de la Commune de Songon,149054851
207,TRANSFERT,78016001670,Assurer le fonctionnement des services de la Commune d'Anyama,318173061
207,TRANSFERT,78016001685,Provision pour fonctionnement des collectivités territoriales,700000000
207,TRANSFERT,78016001719,Assurer le fonctionnement des services du district autonome d'Abidjan,3000000000
207,TRANSFERT,78016001901,Assurer le fonctionnement des services de la Commune de Bingerville,224163617
207,TRANSFERT,78016002340,Assurer la gestion des cantines scolaires dans le District Autonome d'Abidjan,400000000
207,TRANSFERT,79016000545,Assurer le fonctionnement des services de la Commune de Dabou,173246531
207,TRANSFERT,79016000657,Assurer le fonctionnement des services du Conseil Régional des Grands Ponts,291849567
207,TRANSFERT,79016000667,Assurer le fonctionnement des services de la Commune de Jacqueville,130206733
207,TRANSFERT,79016000734,Assurer le fonctionnement des services de la Commune de Grand-lahou,125468581
207,INVESTISSEMENT,11016001393,Développer les services généraux de planification et de statistiques dans la commune de kokumbo,5000000
207,INVESTISSEMENT,11016001394,Développer les services généraux de planification et de statistiques dans la commune de tiebissou,25000000
207,INVESTISSEMENT,11016001399,Développer les autres services généraux dans la commune de toumodi,45000000
207,INVESTISSEMENT,11016001410,Développer les transports routiers dans la commune de didievi,140000000
207,INVESTISSEMENT,11016001411,"Développer la distribution, les entrepôts et les magasins dans la Commune de Didiévi",99493000
207,INVESTISSEMENT,11016001426,Développer les transports routiers dans la commune de tie n'diekro,20808409
207,INVESTISSEMENT,11016001429,Développer les transports routiers dans la Commune de Toumodi,240909000
207,INVESTISSEMENT,11016001432,Promouvoir la recherche et le développement dans d'autres branches d'activités dans la commune de toumodi,10000000
207,INVESTISSEMENT,11016001436,Développer les services de police dans le district de Yamoussoukro,35000000
207,INVESTISSEMENT,11016001439,"Développer la distribution, les entrepôts et les magasins dans le district de Yamoussoukro",20000000
207,INVESTISSEMENT,11016001440,Développer les transports routiers dans le district de Yamoussoukro,425000000
207,INVESTISSEMENT,11016001444,Développer les services de police dans la Région du Bélier,20000000
207,INVESTISSEMENT,11016001464,Développer le logement dans la commune de Yamoussoukro,80000000
207,INVESTISSEMENT,11016001472,Développer la gestion des eaux usées dans la commune de kokumbo,78500000
208,INVESTISSEMENT,11016001479,Développer l'éclairage public dans le district de Yamoussoukro,135000000
208,INVESTISSEMENT,11016001480,Développer l'alimentation en eau dans le district de Yamoussoukro,85000000
208,INVESTISSEMENT,11016001481,Développer les équipements collectifs dans le district de Yamoussoukro,30000000
208,INVESTISSEMENT,11016001482,Développer le logement dans le district de Yamoussoukro,80000000
208,INVESTISSEMENT,11016001483,Développer le logement dans la Région du Bélier,167000000
208,INVESTISSEMENT,11016001485,Développer l'alimentation en eau dans la Région du Bélier,45000000
208,INVESTISSEMENT,11016001486,Développer l'éclairage public dans la région du bélier,34999447
208,INVESTISSEMENT,11016001487,Développer des dispensaires et des maternités dans le district de Yamoussoukro,204000000
208,INVESTISSEMENT,11016001490,Acquérir des appareils et du matériel thérapeutique dans le district de Yamoussoukro,30000000
208,INVESTISSEMENT,11016001491,Acquérir des appareils et du matériel thérapeutique dans la Région du Bélier,70000000
208,INVESTISSEMENT,11016001493,Développer des services hospitaliers généraux dans la Région du Bélier,12949000
208,INVESTISSEMENT,11016001496,Développer le logement dans la commune d'attiegouakro,50000000
208,INVESTISSEMENT,11016001505,Développer le logement dans la commune de kokumbo,55000000
208,INVESTISSEMENT,11016001506,Développer l'alimentation en eau dans la Commune de Kokumbo,30000000
208,INVESTISSEMENT,11016001507,Développer l'éclairage public dans la Commune de Kokumbo,83719000
208,INVESTISSEMENT,11016001515,Développer les industries manufacturières dans la commune de kokumbo,12544860
208,INVESTISSEMENT,11016001518,Développer les affaires économiques non classées ailleurs (n.c.a.) dans la commune de didievi,120247783
208,INVESTISSEMENT,11016001521,Développer l'enseignement primaire dans la commune de toumodi,96500000
208,INVESTISSEMENT,11016001522,Développer l'enseignement primaire dans la Commune de Tié n'diékro,64000000
208,INVESTISSEMENT,11016001524,Développer l'enseignement primaire dans la Commune de Tiebissou,64500000
208,INVESTISSEMENT,11016001525,Développer l'enseignement primaire dans la Commune de Kokumbo,41000000
208,INVESTISSEMENT,11016001527,Développer l'enseignement non défini par niveau dans la commune de djekanou,24568679
208,INVESTISSEMENT,11016001528,Développer l¿enseignement primaire dans la Commune de Djékanou,35000000
208,INVESTISSEMENT,11016001531,Développer l'enseignement primaire dans la commune d'attiegouakro,80237000
208,INVESTISSEMENT,11016001533,Développer l¿enseignement primaire dans la Commune de Yamoussoukro,348911000
208,INVESTISSEMENT,11016001549,Promouvoir les familles et les enfants dans la commune de Yamoussoukro,93000000
208,INVESTISSEMENT,11016001568,Développer des dispensaires et des maternités dans la Commune de Tié n'diékro,4000000
208,INVESTISSEMENT,11016001571,Développer des dispensaires et des maternités dans la Commune de Kokumbo,15000000
208,INVESTISSEMENT,11016001573,Développer des dispensaires et des maternités dans la commune de djekanou,59000000
208,INVESTISSEMENT,11016001580,Développer des services culturels dans le district de Yamoussoukro,100000000
208,INVESTISSEMENT,11016001582,Développer des services culturels dans la Région du Bélier,52518000
208,INVESTISSEMENT,11016001584,Développer des services culturels dans la Commune de Tié n'diékro,76000000
208,INVESTISSEMENT,11016001591,Développer des services récréatifs et sportifs dans la commune d'attiegouakro,5000000
209,INVESTISSEMENT,11016001598,Développer le deuxième cycle de l'enseignement sécondaire dans la Région du Bélier,96711000
209,INVESTISSEMENT,11016001625,Développer les équipements collectifs dans la Commune de Tiébissou,14832573
209,INVESTISSEMENT,11016001645,Développer l'enseignement pré-élémentaire dans la Région du Bélier,40000000
209,INVESTISSEMENT,11016001671,"Développer la distribution, les entrepôts et les magasins dans la commune de tiebissou",150000000
209,INVESTISSEMENT,11016001673,Développer les autres services généraux dans la commune de tiebissou,78000000
209,INVESTISSEMENT,11016001674,Développer l'hôtellerie et la restauration dans la Commune de Tié n'diékro,20000000
209,INVESTISSEMENT,11016001676,Développer des services culturels dans la commune de tiebissou,5000000
209,INVESTISSEMENT,11016001706,Développer les transports routiers dans la commune de kokumbo,25000000
209,INVESTISSEMENT,11016001712,"Développer la distribution, les entrepôts et les magasins dans la Commune de Tié N'diékro",34000000
209,INVESTISSEMENT,11016001715,"Développer la distribution, les entrepôts et les magasins dans la Commune de Toumodi",28000000
209,INVESTISSEMENT,11016001727,Développer les autres services généraux dans la commune de Yamoussoukro,225000000
209,INVESTISSEMENT,11016001728,Développer les autres services généraux dans la commune d'attiegouakro,212640186
209,INVESTISSEMENT,11016001733,Développer l'agriculture dans le district de Yamoussoukro,29000000
209,INVESTISSEMENT,11016001744,Acquérir des appareils et du matériel thérapeutique dans la commune de tie n'diekro,10000000
209,INVESTISSEMENT,11016001760,Développer le logement dans la commune de djekanou,65000000
209,INVESTISSEMENT,11016001761,Développer les équipements collectifs dans la commune de kokumbo,28500000
209,INVESTISSEMENT,11016001762,Développer l'alimentation en eau dans la commune de tiebissou,28500000
209,INVESTISSEMENT,11016001763,Développer le logement dans la commune de tie n'diekro,104000000
209,INVESTISSEMENT,11016001764,Développer les équipements collectifs dans la commune de toumodi,30654850
209,INVESTISSEMENT,11016001799,"Développer des services de radiodiffusion, de télévision et d'édition dans la commune de kokumbo",9500000
209,INVESTISSEMENT,11016001805,Développer les autres services généraux dans la région du bélier,349998000
209,INVESTISSEMENT,11016001812,Développer l'enseignement primaire dans la Région du Bélier,291066000
209,INVESTISSEMENT,11016001857,Développer les autres services généraux dans la Commune de Didiévi,40000000
209,INVESTISSEMENT,11016001869,Développer l'enseignement primaire dans la commune de didievi,28081000
209,INVESTISSEMENT,11016001882,Développer la préservation de la diversité biologique et la protection de la nature dans la commune de tiebissou,10000000
209,INVESTISSEMENT,11016001888,Développer l'alimentation en eau dans la commune de tie n'diekro,44000000
209,INVESTISSEMENT,11016001889,Développer les transports routiers dans la Région du Bélier,26362000
209,INVESTISSEMENT,11016001891,"Développer la distribution, les entrepôts et les magasins dans la commune de kokumbo",25000000
209,INVESTISSEMENT,11016001893,Développer la gestion des eaux usées dans la commune d'attiegouakro,40000000
209,INVESTISSEMENT,11016001897,Développer des dispensaires et des maternités dans la Région du Bélier,422869000
209,INVESTISSEMENT,11016001901,"Développer la distribution, les entrepôts et les magasins dans la Commune de Djékanou",100000000
209,INVESTISSEMENT,11016001915,Développer l'enseignement préélémentaire dans la commune de toumodi,25000000
209,INVESTISSEMENT,11016001933,"Développer des services de radiodiffusion, de télévision et d'édition dans la commune de toumodi",18745000
210,INVESTISSEMENT,11016001970,Acquérir des appareils et du matériel thérapeutique dans la commune de kokumbo,7500000
210,INVESTISSEMENT,11016002048,Développer l'enseignement primaire dans le district de Yamoussoukro,148000000
210,INVESTISSEMENT,11016002094,Développer l'éclairage public dans la commune d'attiegouakro,20395000
210,INVESTISSEMENT,11016002095,Développer l'éclairage public dans la Commune de Tiébissou,50000000
210,INVESTISSEMENT,11016002105,Développer les autres services généraux dans la commune de kokumbo,20000000
210,INVESTISSEMENT,11016002109,Développer l'agriculture dans la commune de tiebissou,38000000
210,INVESTISSEMENT,11016002123,Développer des dispensaires et des maternités dans la commune de Yamoussoukro,249999448
210,INVESTISSEMENT,11016002135,Développer des services récréatifs et sportifs dans la commune de toumodi,33869000
210,INVESTISSEMENT,11016002139,"Développer des services de radiodiffusion, de télévision et d'édition dans la région du bélier",20000000
210,INVESTISSEMENT,11016002141,Promouvoir la recherche et le développement dans le domaine de la protection de l'environnement dans la région du bélier,25000000
210,INVESTISSEMENT,11016002142,Développer les autres services généraux dans le district de Yamoussoukro,59000000
210,INVESTISSEMENT,11016002143,Développer l'éclairage public dans la commune de djekanou,145000000
210,INVESTISSEMENT,11016002147,Développer les services généraux de planification et de statistiques dans la commune de tie n'diekro,20000000
210,INVESTISSEMENT,11016002203,Développer le premier cycle dans l'enseignement sécondaire dans la Région du Bélier,320459000
210,INVESTISSEMENT,11016002313,Développer les autres services généraux de la commune de TIE-NDIKRO,15000000
210,INVESTISSEMENT,11016002569,Développer la gestion des eaux usées dans le district Autonome de Yamoussoukro,120000000
210,INVESTISSEMENT,14016000468,Développer les autres services généraux dans la région du n'Zi,195000000
210,INVESTISSEMENT,14016000469,Développer les autres services généraux dans la commune de bocanda,125000000
210,INVESTISSEMENT,14016000471,Développer les transports routiers dans la Commune de Bocanda,25280000
210,INVESTISSEMENT,14016000477,Développer les transports routiers dans la Commune de Dimbokro,25000000
210,INVESTISSEMENT,14016000483,Développer les services de police dans la Région du N'ZI,55000000
210,INVESTISSEMENT,14016000495,Développer les industries manufacturières dans la Région du N'zi,105000000
210,INVESTISSEMENT,14016000507,Développer l'alimentation en eau dans la Commune de Bocanda,40000000
210,INVESTISSEMENT,14016000508,Développer le logement dans la commune de dimbokro,72525232
210,INVESTISSEMENT,14016000510,Développer l'enseignement primaire dans la Commune de Dimbokro,145908000
210,INVESTISSEMENT,14016000511,Développer l'enseignement primaire dans la Commune de Bocanda,73000000
210,INVESTISSEMENT,14016000512,Développer l'enseignement préélémentaire dans la commune de bocanda,5000000
210,INVESTISSEMENT,14016000523,Acquérir des appareils et du matériel thérapeutique dans la Commune de Dimbokro,11000000
210,INVESTISSEMENT,14016000527,Développer des services culturels dans la Commune de Dimbokro,56000000
210,INVESTISSEMENT,14016000531,Développer l'enseignement pré-élémentaire dans la Région du N'zi,40000000
210,INVESTISSEMENT,14016000532,Développer le premier cycle dans l'enseignement sécondaire dans la Région du N'ZI,206360576
210,INVESTISSEMENT,14016000560,Développer des dispensaires et des maternités dans la Commune de Dimbokro,48475000
210,INVESTISSEMENT,14016000565,"Développer la distribution, les entrepôts et les magasins dans la Commune de Bocanda",108932000
211,INVESTISSEMENT,14016000567,"Développer la distribution, les entrepôts et les magasins dans la Commune de Dimbokro",45000000
211,INVESTISSEMENT,14016000577,Développer des dispensaires et des maternités dans la commune de bocanda,38622000
211,INVESTISSEMENT,14016000578,Acquérir des appareils et du matériel thérapeutique dans la Région du N'zi,115000000
211,INVESTISSEMENT,14016000584,Développer l'enseignement non défini par niveau dans la commune de dimbokro,35000000
211,INVESTISSEMENT,14016000586,Développer la préservation de la diversité biologique et la protection de la nature dans la commune de bocanda,29898800
211,INVESTISSEMENT,14016000589,Développer le logement dans la Région du N'zi,150000000
211,INVESTISSEMENT,14016000601,Développer le deuxième cycle de l'enseignement secondaire dans la Région du N'zi,20000000
211,INVESTISSEMENT,14016000613,"Développer la distribution, les entrepôts et les magasins dans la Région du N'zi",116250000
211,INVESTISSEMENT,14016000619,Développer l'enseignement pré-élémentaire dans la Commune de Dimbokro,3475000
211,INVESTISSEMENT,14016000622,Développer les transports routiers dans la Région du N'ZI,35000000
211,INVESTISSEMENT,14016000625,Promouvoir la recherche et le développement dans le domaine de la protection de l'environnement dans la commune de dimbokro,10000000
211,INVESTISSEMENT,14016000633,Développer l'alimentation en eau dans la Région du N'ZI,27000000
211,INVESTISSEMENT,14016000642,Développer des services hospitaliers spécialisés dans la région du n'zi,3093000
211,INVESTISSEMENT,14016000649,Développer l'enseignement primaire dans la Région du N'zi,551369000
211,INVESTISSEMENT,14016000665,Développer les autres services généraux dans la commune de dimbokro,75000000
211,INVESTISSEMENT,14016000707,Développer les industries manufacturières dans la commune de kouassi-kouassikro,65380000
211,INVESTISSEMENT,14016000710,Développer l'enseignement primaire dans la Commune de Kouassi-Kouassikro,132000000
211,INVESTISSEMENT,14016000711,Développer des dispensaires et des maternités dans la Région du N'ZI,255000000
211,INVESTISSEMENT,14016000714,Développer l'agriculture dans la Région du N'ZI,140000000
211,INVESTISSEMENT,14016000715,Développer des services culturels dans la Région du N'zi,10000000
211,INVESTISSEMENT,14016000734,Développer les autres services généraux dans la commune de kouassi-kouassikro,30000000
211,INVESTISSEMENT,14016000804,"Développer la distribution, les entrepôts et les magasins dans la commune de Kouassi-Kouassikro",18000000
211,INVESTISSEMENT,14016000847,Développer des dispensaires et des maternités dans la Commune de Kouassi-Kouassikro,54000000
211,INVESTISSEMENT,14016000848,Développer l'alimentation en eau dans la Commune de Kouassi-Kouassikro,14000000
211,INVESTISSEMENT,14016000984,Développer les services généraux de planification et de statistiques dans la Commune de Kouassi-Kouassikro,6639000
211,INVESTISSEMENT,14016000985,Développer le logement dans la Commune de Kouassi-Kouassikro,18000000
211,INVESTISSEMENT,14016001054,Développer la pêche et la chasse,29000000
211,INVESTISSEMENT,14016001055,Développer la préservation de la diversité biologique et la protection de la nature,15000000
211,INVESTISSEMENT,14016001056,Développer l'enseignement pré-élémentaire,50689805
211,INVESTISSEMENT,15016000773,Développer les autres services généraux dans la Région de l'Iffou,147000000
211,INVESTISSEMENT,15016000777,Développer les autres services généraux dans la commune de ouelle,179500000
211,INVESTISSEMENT,15016000785,"Développer la distribution, les entrepôts et les magasins dans la commune d'ettrokro",29000000
211,INVESTISSEMENT,15016000788,Développer les transports routiers dans la Commune de M'bahiakro,142967393
212,INVESTISSEMENT,15016000809,Développer les transports routiers dans la Région de l'Iffou,105650000
212,INVESTISSEMENT,15016000811,"Développer la distribution, les entrepôts et les magasins dans la région de l'iffou",59000000
212,INVESTISSEMENT,15016000823,Développer la gestion des eaux usées dans la commune de m'bahiakro,92700000
212,INVESTISSEMENT,15016000829,Développer le logement dans la Région de l'Iffou,246000000
212,INVESTISSEMENT,15016000830,Développer l'alimentation en eau dans la Région de l'Iffou,517000000
212,INVESTISSEMENT,15016000832,Développer l'alimentation en eau dans la Commune de Daoukro,117500783
212,INVESTISSEMENT,15016000833,Développer l'éclairage public dans la Commune de Daoukro,60000000
212,INVESTISSEMENT,15016000834,Développer le logement dans la commune d'ettrokro,29900000
212,INVESTISSEMENT,15016000836,Développer le logement dans la commune de m'bahiakro,18000000
212,INVESTISSEMENT,15016000837,Développer l'alimentation en eau dans la commune de m'bahiakro,28000000
212,INVESTISSEMENT,15016000840,Développer le logement dans la commune de prikro,18000000
212,INVESTISSEMENT,15016000844,Développer l'éclairage public dans la commune de prikro,30000000
212,INVESTISSEMENT,15016000848,Développer l'enseignement primaire dans la Commune de Prikro,42000000
212,INVESTISSEMENT,15016000851,Développer l'enseignement primaire dans la commune de m'bahiakro,26787000
212,INVESTISSEMENT,15016000855,Développer l'enseignement préélémentaire dans la commune d'ettrokro,29900000
212,INVESTISSEMENT,15016000874,Développer des dispensaires et des maternités dans la commune de ouelle,35000000
212,INVESTISSEMENT,15016000876,Développer des dispensaires et des maternités dans la commune d'ettrokro,50000000
212,INVESTISSEMENT,15016000879,Développer des services culturels dans la commune de prikro,45000000
212,INVESTISSEMENT,15016000881,Développer des services récréatifs et sportifs dans la région de l'iffou,29500000
212,INVESTISSEMENT,15016000883,Développer des services culturels dans la commune de ouelle,27000000
212,INVESTISSEMENT,15016000889,Développer l'enseignement primaire dans la Région de l'Iffou,491850000
212,INVESTISSEMENT,15016000890,Développer le premier cycle dans l'enseignement secondaire dans la Région de l'Iffou,156000000
212,INVESTISSEMENT,15016000930,Développer l'enseignement préélémentaire dans la commune de daoukro,120000000
212,INVESTISSEMENT,15016000935,Développer les transports routiers dans la Commune d'Ettrokro,49156867
212,INVESTISSEMENT,15016000945,Développer l'agriculture dans la commune de ouelle,70000000
212,INVESTISSEMENT,15016000956,"Développer la distribution, les entrepôts et les magasins dans la commune de m'bahiakro",15000000
212,INVESTISSEMENT,15016000957,Développer les transports routiers dans la Commune de Ouellé,62563741
212,INVESTISSEMENT,15016000963,Promouvoir la recherche et le développement dans d'autres branches d'activités dans la région de l'iffou,29000000
212,INVESTISSEMENT,15016000965,Développer les autres services généraux dans la Commune de Daoukro,29534000
212,INVESTISSEMENT,15016000972,Promouvoir la recherche et le développement dans le domaine du logement et des équipements collectifs dans la commune de ouelle,10000000
212,INVESTISSEMENT,15016000977,Développer l'enseignement primaire dans la Commune de Daoukro,199000000
212,INVESTISSEMENT,15016000989,Promouvoir la recherche et le développement dans le domaine du logement et des équipements collectifs dans la région de l'iffou,10000000
212,INVESTISSEMENT,15016001009,Acquérir des appareils et du matériel thérapeutique dans la région de l'iffou,20000000
213,INVESTISSEMENT,15016001027,Développer l'alimentation en eau dans la Commune de Prikro,66000000
213,INVESTISSEMENT,15016001041,Développer les transports routiers dans la commune de daoukro,34000000
213,INVESTISSEMENT,15016001047,Développer les services de police dans la commune de m'bahiakro,85372000
213,INVESTISSEMENT,15016001051,Développer l'éclairage public dans la Commune d'Ettrokro,29700000
213,INVESTISSEMENT,15016001052,Développer l'alimentation en eau dans la commune de ouelle,33000000
213,INVESTISSEMENT,15016001059,Promouvoir la recherche et le développement dans le domaine de la sante dans la région de l'iffou,58000000
213,INVESTISSEMENT,15016001066,Développer des dispensaires et des maternités dans la commune de prikro,15000000
213,INVESTISSEMENT,15016001071,Développer des services récréatifs et sportifs dans la commune de m'bahiakro,12500000
213,INVESTISSEMENT,15016001090,Développer le deuxième cycle de l'enseignement sécondaire dans la Région de l'Iffou,30000000
213,INVESTISSEMENT,15016001146,Développer l'alimentation en eau dans la Commune d'Ettrokro,150000000
213,INVESTISSEMENT,15016001150,Développer les autres services généraux dans la Commune de Prikro,215000000
213,INVESTISSEMENT,15016001155,Développer les transports routiers dans la commune de prikro,9336544
213,INVESTISSEMENT,15016001157,Développer les équipements collectifs dans la commune de m'bahiakro,3500000
213,INVESTISSEMENT,15016001173,Développer la préservation de la diversité biologique et la protection de la nature dans la commune de m'bahiakro,10000000
213,INVESTISSEMENT,15016001179,Développer l'hôtellerie et la restauration dans la commune d'ettrokro,52000000
213,INVESTISSEMENT,15016001211,"Développer des services de radiodiffusion, de télévision et d'édition dans la commune de ouelle",25000000
213,INVESTISSEMENT,15016001213,Développer le logement dans la Région du Moronou,436000000
213,INVESTISSEMENT,15016001217,Développer des dispensaires et des maternités dans la région de l'iffou,60000000
213,INVESTISSEMENT,15016001444,Développer la gestion des eaux usées dans la région de l'iffou,39507132
213,INVESTISSEMENT,15016001445,Promouvoir la recherche et le développement dans le domaine de l'enseignement dans la région de l'iffou,29000000
213,INVESTISSEMENT,15016001446,Développer des dispensaires et des maternités dans la commune de daoukro,20000000
213,INVESTISSEMENT,16016000824,Développer les autres services généraux dans la commune d'anoumaba,43000000
213,INVESTISSEMENT,16016000826,Développer les autres services généraux dans la commune de bongouanou,25000000
213,INVESTISSEMENT,16016000827,Développer les autres services généraux dans la commune de m'batto,29000000
213,INVESTISSEMENT,16016000831,Développer les transports routiers dans la Commune d'Anoumaba,100452000
213,INVESTISSEMENT,16016000836,Développer l'hôtellerie et la restauration dans la commune d'arrah,70000000
213,INVESTISSEMENT,16016000841,Développer les transports routiers dans la commune de bongouanou,110000000
213,INVESTISSEMENT,16016000844,Développer les transports routiers dans la Commune de M'batto,121000000
213,INVESTISSEMENT,16016000845,Développer l'hôtellerie et la restauration dans la Commune de M'batto,69000000
213,INVESTISSEMENT,16016000863,Développer les transports routiers dans la Région du Moronou,65000000
213,INVESTISSEMENT,16016000877,Développer la gestion des eaux usées dans la Commune de M'batto,29000000
213,INVESTISSEMENT,16016000879,Développer l'alimentation en eau dans la Région du Moronou,177000000
213,INVESTISSEMENT,16016000883,Développer l'alimentation en eau dans la Commune d'Anoumaba,60000000
214,INVESTISSEMENT,16016000887,Développer les équipements collectifs dans la commune de bongouanou,35000000
214,INVESTISSEMENT,16016000888,Développer les équipements collectifs dans la commune de m'batto,43900000
214,INVESTISSEMENT,16016000898,Développer l'enseignement primaire dans la commune de m'batto,40000000
214,INVESTISSEMENT,16016000901,Développer l'enseignement primaire dans la Commune de Bongouanou,66000000
214,INVESTISSEMENT,16016000902,Développer l'enseignement préélémentaire dans la Commune de Bongouanou,24920470
214,INVESTISSEMENT,16016000919,Développer des dispensaires et des maternités dans la Commune de Tiémélekro,248900000
214,INVESTISSEMENT,16016000925,Acquérir des appareils et du matériel thérapeutique dans la commune d'arrah,20000000
214,INVESTISSEMENT,16016000926,Développer des dispensaires et des maternités dans la Commune d'Anoumaba,43918000
214,INVESTISSEMENT,16016000933,Développer des services culturels dans la commune de tiemelekro,10000000
214,INVESTISSEMENT,16016000934,Développer des services récréatifs et sportifs dans la commune de m'batto,29000000
214,INVESTISSEMENT,16016000936,Développer des services culturels dans la commune de bongouanou,41000000
214,INVESTISSEMENT,16016000942,Développer le premier cycle dans l'enseignement sécondaire dans la Région du Moronou,519831641
214,INVESTISSEMENT,16016000943,Développer le deuxième cycle de l'enseignement secondaire dans la Région du Moronou,42500000
214,INVESTISSEMENT,16016000985,Développer des dispensaires et des maternités dans la Région du Moronou,343725000
214,INVESTISSEMENT,16016000998,"Développer la distribution, les entrepôts et les magasins dans la Commune d'Anoumaba",10000210
214,INVESTISSEMENT,16016001001,Développer l'enseignement primaire dans la Commune d'Arrah,146459000
214,INVESTISSEMENT,16016001007,Développer les autres services généraux dans la commune de tiemelekro,23000000
214,INVESTISSEMENT,16016001027,Développer l'hôtellerie et la restauration dans la commune de bongouanou,53900000
214,INVESTISSEMENT,16016001033,"Développer la distribution, les entrepôts et les magasins dans la commune de tiemelekro",8059000
214,INVESTISSEMENT,16016001047,Développer l'enseignement primaire dans la Commune de Tiémélékro,24240623
214,INVESTISSEMENT,16016001051,Développer l'alimentation en eau dans la commune d'arrah,39580000
214,INVESTISSEMENT,16016001052,Développer le logement dans la commune de bongouanou,10000000
214,INVESTISSEMENT,16016001056,Développer des dispensaires et des maternités dans la commune de m'batto,12672387
214,INVESTISSEMENT,16016001058,Développer la gestion des déchets dans la commune d'anoumaba,10000000
214,INVESTISSEMENT,16016001061,Développer la préservation de la diversité biologique et la protection de la nature dans la commune de m'batto,29900000
214,INVESTISSEMENT,16016001074,"Développer des services de radiodiffusion, de télévision et d'édition dans la commune d'anoumaba",45000000
214,INVESTISSEMENT,16016001102,"Développer la distribution, les entrepôts et les magasins dans la Commune de M'batto",68900000
214,INVESTISSEMENT,16016001105,Développer les services généraux de planification et de statistiques dans la région du moronou,67000000
214,INVESTISSEMENT,16016001108,Développer les services de police dans la commune de m'batto,20000000
214,INVESTISSEMENT,16016001124,Développer les transports routiers dans la Commune d'Arrah,54983000
214,INVESTISSEMENT,16016001133,Développer les équipements collectifs dans la Commune d'Anoumaba,15000000
214,INVESTISSEMENT,16016001135,Développer les équipements collectifs dans la commune de tiemelekro,25000000
214,INVESTISSEMENT,16016001140,Promouvoir la recherche et le développement dans le domaine de la protection de l'environnement dans la région du moronou,60000000
215,INVESTISSEMENT,16016001144,Acquérir des appareils et du matériel thérapeutique dans la commune de bongouanou,20000000
215,INVESTISSEMENT,16016001149,Développer des services culturels dans la Région du Moronou,60000000
215,INVESTISSEMENT,16016001154,Développer des services récréatifs et sportifs dans la commune de bongouanou,20000000
215,INVESTISSEMENT,16016001194,Développer l'enseignement primaire dans la Région du Moronou,213000000
215,INVESTISSEMENT,16016001207,"Développer la distribution, les entrepôts et les magasins dans la Commune de Bongouanou",30000000
215,INVESTISSEMENT,16016001236,Développer l'enseignement primaire dans la Commune d'Anoumaba,94548000
215,INVESTISSEMENT,16016001249,Développer le logement dans la commune de tiemelekro,29800000
215,INVESTISSEMENT,16016001252,Développer la gestion des eaux usées dans la Commune de Bongouanou,25000000
215,INVESTISSEMENT,16016001267,Développer des dispensaires et des maternités dans la commune d'arrah,80000000
215,INVESTISSEMENT,16016001269,Développer des services récréatifs et sportifs dans la Commune de Tiémélékro,29000000
215,INVESTISSEMENT,16016001275,Développer des dispensaires et des maternités dans la Commune de Bongouanou,37089000
215,INVESTISSEMENT,16016001303,Développer l'enseignement préélémentaire dans la commune de tiemelekro,24541599
215,INVESTISSEMENT,16016001369,Développer les autres services généraux dans la commune d'Arrah,44045097
215,INVESTISSEMENT,17016001168,Développer les autres services généraux dans la région du gbêkê,75000000
215,INVESTISSEMENT,17016001172,Développer les autres services généraux dans la Commune de Bouaké,29800000
215,INVESTISSEMENT,17016001173,Développer les autres services généraux dans la commune de brobo,155223000
215,INVESTISSEMENT,17016001174,Développer les autres services généraux dans la Commune de DjeBonoua,18000000
215,INVESTISSEMENT,17016001176,Développer les autres services généraux dans la commune de botro,55000000
215,INVESTISSEMENT,17016001177,Développer les autres services généraux dans la commune de diabo,32000000
215,INVESTISSEMENT,17016001179,Développer les autres services généraux dans la commune de bodokro,25000000
215,INVESTISSEMENT,17016001180,Développer les autres services généraux dans la Commune de Sakassou,107000000
215,INVESTISSEMENT,17016001183,Développer les transports routiers dans la Commune de Bouaké,209200000
215,INVESTISSEMENT,17016001193,Développer les transports routiers dans la Commune de Djebonoua,28000000
215,INVESTISSEMENT,17016001194,"Développer la distribution, les entrepôts et les magasins dans la Commune de Djébonoua",62446000
215,INVESTISSEMENT,17016001206,"Développer la distribution, les entrepôts et les magasins dans la commune de beoumi",112903424
215,INVESTISSEMENT,17016001210,Développer les transports routiers dans la Commune de Bodokro,31498287
215,INVESTISSEMENT,17016001215,Promouvoir la recherche et le développement dans d'autres branches d'activités dans la commune de sakassou,20000000
215,INVESTISSEMENT,17016001229,Développer l'agriculture dans la région du gbêkê,180000000
215,INVESTISSEMENT,17016001241,Développer la gestion des eaux usées dans la Commune de Djébonoua,25466000
215,INVESTISSEMENT,17016001243,Développer la gestion des eaux usées dans la commune de botro,83000000
215,INVESTISSEMENT,17016001249,Développer la gestion des eaux usées dans la commune de bodokro,70000000
215,INVESTISSEMENT,17016001251,Développer le logement dans la région du gbêkê,110000000
215,INVESTISSEMENT,17016001259,Développer les équipements collectifs dans la commune de brobo,15000011
216,INVESTISSEMENT,17016001260,Développer le logement dans la Commune de Djébonoua,16593000
216,INVESTISSEMENT,17016001264,Développer l'éclairage public dans la Commune de Diabo,27000000
216,INVESTISSEMENT,17016001269,Développer des dispensaires et des maternités dans la Région du Gbêkê,303391000
216,INVESTISSEMENT,17016001270,Développer l'alimentation en eau dans la Commune de Sakassou,70000000
216,INVESTISSEMENT,17016001292,Développer des dispensaires et des maternités dans la commune de beoumi,75000000
216,INVESTISSEMENT,17016001293,Développer des dispensaires et des maternités dans la Commune de Diabo,22000000
216,INVESTISSEMENT,17016001294,Acquérir des appareils et du matériel thérapeutique dans la commune de diabo,7000000
216,INVESTISSEMENT,17016001295,Développer des dispensaires et des maternités dans la Commune de Botro,20000000
216,INVESTISSEMENT,17016001322,Développer des services récréatifs et sportifs dans la commune de diabo,24000000
216,INVESTISSEMENT,17016001325,Développer des services culturels dans la commune de djebonoua,100045000
216,INVESTISSEMENT,17016001329,Développer des services culturels dans la commune de bouake,45000000
216,INVESTISSEMENT,17016001330,Développer des services culturels dans la Région du Gbêkê,30000000
216,INVESTISSEMENT,17016001331,Développer l'enseignement primaire dans la Région du Gbêkê,589900947
216,INVESTISSEMENT,17016001336,Développer l'enseignement primaire dans la Commune de Sakassou,90337000
216,INVESTISSEMENT,17016001337,Développer l'enseignement primaire dans la Commune de Béoumi,91000000
216,INVESTISSEMENT,17016001338,Développer l'enseignement primaire dans la Commune de Diabo,20000000
216,INVESTISSEMENT,17016001340,Développer l'enseignement primaire dans la commune de botro,65000000
216,INVESTISSEMENT,17016001415,Développer les services de police dans la Commune de Bouaké,230000000
216,INVESTISSEMENT,17016001431,Développer les équipements collectifs dans la région du gbêkê,50000000
216,INVESTISSEMENT,17016001435,Développer les services de police dans la commune de djebonoua,13833000
216,INVESTISSEMENT,17016001444,Promouvoir la recherche et le développement dans le domaine de la protection de l'environnement dans la région du gbêkê,60000000
216,INVESTISSEMENT,17016001447,Développer l'hôtellerie et la restauration dans la commune de bouake,170000000
216,INVESTISSEMENT,17016001452,Développer les transports routiers dans la Commune de Botro,25000000
216,INVESTISSEMENT,17016001454,Développer les transports routiers dans la Commune de Diabo,28300000
216,INVESTISSEMENT,17016001460,Développer les transports routiers dans la Commune de Sakassou,49000000
216,INVESTISSEMENT,17016001467,Développer les autres services généraux dans la Commune de Béoumi,74546019
216,INVESTISSEMENT,17016001477,Développer l'enseignement primaire dans la Commune de Bouaké,687087000
216,INVESTISSEMENT,17016001478,Développer les équipements collectifs dans la Commune de Bouaké,121000000
216,INVESTISSEMENT,17016001481,Développer l'éclairage public dans la commune de botro,170000000
216,INVESTISSEMENT,17016001485,Développer des dispensaires et des maternités dans la Commune de Sakassou,15606000
216,INVESTISSEMENT,17016001490,Promouvoir la recherche et le développement dans le domaine de la sante dans la commune de djebonoua,3000000
216,INVESTISSEMENT,17016001497,Développer la préservation de la diversité biologique et la protection de la nature dans la commune de brobo,10000000
216,INVESTISSEMENT,17016001501,Développer la gestion des eaux usées dans la commune de sakassou,5000000
217,INVESTISSEMENT,17016001515,"Promouvoir la recherche et le développement dans le domaine des loisirs, de la culture et du culte dans la commune de bouake",70000000
217,INVESTISSEMENT,17016001518,Développer l'enseignement préélémentaire dans la région du gbêkê,80000000
217,INVESTISSEMENT,17016001519,Développer le premier cycle dans l'enseignement sécondaire dans la Région du Gbêkê,300000000
217,INVESTISSEMENT,17016001536,Développer les transports routiers dans la Région du Gbêkê,186740000
217,INVESTISSEMENT,17016001552,Développer l'éclairage public dans la Commune de Sakassou,25000000
217,INVESTISSEMENT,17016001567,Acquérir des appareils et du matériel thérapeutique dans la région du gbêkê,48086000
217,INVESTISSEMENT,17016001579,Développer les services de police dans la commune de diabo,51000000
217,INVESTISSEMENT,17016001592,Développer la préservation de la diversité biologique et la protection de la nature dans la Commune de Djébonoua,18000000
217,INVESTISSEMENT,17016001595,Développer l'alimentation en eau dans la commune de botro,15000000
217,INVESTISSEMENT,17016001600,Promouvoir la recherche et le développement dans d'autres branches d'activités dans la région du gbêkê,45000000
217,INVESTISSEMENT,17016001601,"Développer la distribution, les entrepôts et les magasins dans la commune de diabo",82500000
217,INVESTISSEMENT,17016001605,Développer l'alimentation en eau dans la Commune de Diabo,29605275
217,INVESTISSEMENT,17016001606,Développer le logement dans la commune de bodokro,75000000
217,INVESTISSEMENT,17016001615,Développer des dispensaires et des maternités dans la Commune de Bouaké,132286777
217,INVESTISSEMENT,17016001619,Développer l'enseignement primaire dans la Commune de Djébonoua,89155000
217,INVESTISSEMENT,17016001621,Développer des services culturels dans la Commune de Diabo,119200000
217,INVESTISSEMENT,17016001622,Développer des services récréatifs et sportifs dans la commune de botro,16244748
217,INVESTISSEMENT,17016001623,Développer des services récréatifs et sportifs dans la commune de bouake,105000000
217,INVESTISSEMENT,17016001638,Promouvoir la recherche et le développement dans d'autres branches d'activités dans la commune de beoumi,27000000
217,INVESTISSEMENT,17016001653,"Développer la distribution, les entrepôts et les magasins dans la Région du Gbêkê",145000000
217,INVESTISSEMENT,17016001714,Développer les transports routiers dans la Commune de Béoumi,55000000
217,INVESTISSEMENT,17016001715,Développer l'alimentation en eau dans la commune de bodokro,150000000
217,INVESTISSEMENT,17016001721,Développer des services culturels dans la commune de sakassou,26470000
217,INVESTISSEMENT,17016001762,Développer la gestion des eaux usées dans la commune de brobo,35000000
217,INVESTISSEMENT,17016001764,Développer l'alimentation en eau dans la Région du Gbêkê,170000000
217,INVESTISSEMENT,17016001767,Développer l'éclairage public dans la Commune de Brobo,41484000
217,INVESTISSEMENT,17016001797,Développer l'enseignement préélémentaire dans la commune de beoumi,50000000
217,INVESTISSEMENT,17016001804,Développer des dispensaires et des maternités dans la commune de brobo,69674000
217,INVESTISSEMENT,17016001828,Développer des dispensaires et des maternités dans la commune de djebonoua,55074307
217,INVESTISSEMENT,17016001837,Développer l'alimentation en eau dans la Commune de Djebonoua,20119000
217,INVESTISSEMENT,17016001841,"Développer la distribution, les entrepôts et les magasins dans la Commune de Sakassou",67707428
217,INVESTISSEMENT,17016001853,Développer des dispensaires et des maternités dans la Commune de Bodokro,70000000
217,INVESTISSEMENT,17016001854,Développer des services culturels dans la commune de brobo,29430000
218,INVESTISSEMENT,17016001861,Développer les transports routiers dans la Commune de Brobo,74817000
218,INVESTISSEMENT,18016001448,Développer les autres services généraux dans la Commune de Katiola,203170000
218,INVESTISSEMENT,18016001450,Développer les autres services généraux dans la commune niakaramadougou,67500000
218,INVESTISSEMENT,18016001451,Développer les autres services généraux dans la commune de satama-sokoro,58000000
218,INVESTISSEMENT,18016001454,Développer les autres services généraux dans la Commune de Tafiré,30000000
218,INVESTISSEMENT,18016001455,Développer les autres services généraux dans la commune tortiya,75000000
218,INVESTISSEMENT,18016001470,Développer l'hôtellerie et la restauration dans la commune de bassawa,54000000
218,INVESTISSEMENT,18016001481,Promouvoir la recherche et le développement dans le domaine des transports dans la commune de Dabakala,4000000
218,INVESTISSEMENT,18016001482,Développer l'agriculture dans la commune de foumbolo,26028000
218,INVESTISSEMENT,18016001492,"Développer la distribution, les entrepôts et les magasins dans la Commune Niakaramaougou",29800000
218,INVESTISSEMENT,18016001495,Développer l'agriculture dans la commune de satama-sokoro,102390553
218,INVESTISSEMENT,18016001497,Développer les transports routiers dans la Commune de Satama Sokoro,26078000
218,INVESTISSEMENT,18016001498,Développer l'agriculture dans la commune de satama-sokoura,28990000
218,INVESTISSEMENT,18016001504,Développer l'agriculture dans la commune de tafire,68000000
218,INVESTISSEMENT,18016001519,Développer les services de police dans la commune de fronan,51911000
218,INVESTISSEMENT,18016001563,Développer l'alimentation en eau dans la Région du Hambol,387326000
218,INVESTISSEMENT,18016001565,Développer la gestion des eaux usées dans la Commune Tortiya,41499000
218,INVESTISSEMENT,18016001575,Développer l'alimentation en eau dans la Commune de Katiola,40000000
218,INVESTISSEMENT,18016001577,Développer les équipements collectifs dans la commune de bassawa,39000000
218,INVESTISSEMENT,18016001582,Développer le logement dans la commune de Dabakala,98000000
218,INVESTISSEMENT,18016001583,Développer l'alimentation en eau dans la Commune de Dabakala,45000000
218,INVESTISSEMENT,18016001588,Développer les équipements collectifs dans la commune niakaramadougou,83444000
218,INVESTISSEMENT,18016001589,Développer les équipements collectifs dans la commune de satama-sokoro,63328978
218,INVESTISSEMENT,18016001590,Développer l'alimentation en eau dans la commune de satama-sokoro,24293000
218,INVESTISSEMENT,18016001594,Développer le logement dans la commune tortiya,65000000
218,INVESTISSEMENT,18016001595,Développer l'éclairage public dans la commune tortiya,26336000
218,INVESTISSEMENT,18016001628,Développer des dispensaires et des maternités dans la Commune de Dabakala,33000000
218,INVESTISSEMENT,18016001648,Développer des services culturels dans la commune tortiya,5000000
218,INVESTISSEMENT,18016001652,Développer des services récréatifs et sportifs dans la commune de satama-sokoura,134150000
218,INVESTISSEMENT,18016001656,Développer des services récréatifs et sportifs dans la commune de fronan,74687000
218,INVESTISSEMENT,18016001658,Développer des services culturels dans la commune de foumbolo,18970569
218,INVESTISSEMENT,18016001659,Développer des services culturels dans la commune de Dabakala,30000000
218,INVESTISSEMENT,18016001662,Développer des services récréatifs et sportifs dans la commune de bonieredougou,35500000
219,INVESTISSEMENT,18016001663,Développer des services récréatifs et sportifs dans la commune de bassawa,15000000
219,INVESTISSEMENT,18016001664,Développer des services culturels dans la commune de katiola,104228828
219,INVESTISSEMENT,18016001667,Développer l'enseignement préélémentaire dans la commune de tafire,8000000
219,INVESTISSEMENT,18016001668,Développer l'enseignement préélémentaire dans la région du hambol,72500000
219,INVESTISSEMENT,18016001669,Développer le deuxième cycle de l'enseignement sécondaire dans la Région du Hambol,185471000
219,INVESTISSEMENT,18016001671,Promouvoir la recherche et le développement dans le domaine de l'enseignement dans la région du hambol,18000000
219,INVESTISSEMENT,18016001672,Développer l'enseignement primaire dans la Commune de Satama-Sokoura,15850000
219,INVESTISSEMENT,18016001674,Développer l'enseignement primaire dans la Commune Niakaramaougou,173394000
219,INVESTISSEMENT,18016001676,Développer l'enseignement primaire dans la Commune de Fronan,28393000
219,INVESTISSEMENT,18016001678,Développer l'enseignement primaire dans la Commune de Foumbolo,8599000
219,INVESTISSEMENT,18016001680,Développer l'enseignement primaire dans la Commune de Dabakala,90000572
219,INVESTISSEMENT,18016001683,Développer l'enseignement primaire dans la Commune de Bassawa,40607054
219,INVESTISSEMENT,18016001685,Développer l'enseignement pré-élémentaire dans la Commune de Katiola,9000000
219,INVESTISSEMENT,18016001716,Développer l'hôtellerie et la restauration dans la commune niakaramadougou,50872456
219,INVESTISSEMENT,18016001768,Développer des dispensaires et des maternités dans la commune de bassawa,29000000
219,INVESTISSEMENT,18016001773,Développer les transports routiers dans la Commune Tortiya,39140000
219,INVESTISSEMENT,18016001776,Développer les transports routiers dans la Commune de Tafiré,20772000
219,INVESTISSEMENT,18016001778,Développer l'hôtellerie et la restauration dans la commune de fronan,29000000
219,INVESTISSEMENT,18016001780,Développer des dispensaires et des maternités dans la Région du Hambol,298875000
219,INVESTISSEMENT,18016001782,Développer les autres services généraux dans la commune de bassawa,145607000
219,INVESTISSEMENT,18016001792,Promouvoir la recherche et le développement dans le domaine de l'ordre et de la sécurité dans la commune de foumbolo,40000000
219,INVESTISSEMENT,18016001794,Développer les autres services généraux dans la commune de foumbolo,182000000
219,INVESTISSEMENT,18016001795,Développer le logement dans la Commune de Fronan,58400000
219,INVESTISSEMENT,18016001800,Développer les transports routiers dans la Commune de Katiola,9630000
219,INVESTISSEMENT,18016001818,"Développer la distribution, les entrepôts et les magasins dans la commune de satama-sokoro",15515000
219,INVESTISSEMENT,18016001828,Développer les équipements collectifs dans la commune de bonieredougou,26000000
219,INVESTISSEMENT,18016001829,Développer les équipements collectifs dans la commune de Dabakala,18649000
219,INVESTISSEMENT,18016001837,Développer des dispensaires et des maternités dans la commune de katiola,37500000
219,INVESTISSEMENT,18016001839,Développer des dispensaires et des maternités dans la commune de tafire,41000000
219,INVESTISSEMENT,18016001846,Développer l'enseignement primaire dans la Commune de Tafiré,87777000
219,INVESTISSEMENT,18016001847,Développer l'enseignement primaire dans la Commune de Satama Sokoro,86011000
219,INVESTISSEMENT,18016001855,"Promouvoir la recherche et le développement dans le domaine de l'agriculture, la sylviculture, la pêche et la chasse dans la commune",5000000
219,INVESTISSEMENT,18016001863,Développer les services généraux de planification et de statistiques dans la commune de bonieredougou,19850000
220,INVESTISSEMENT,18016001893,Développer des services culturels dans la Commune de Fronan,40483000
220,INVESTISSEMENT,18016001897,Développer les autres services généraux dans la Région du Hambol,20000000
220,INVESTISSEMENT,18016001898,Développer l'enseignement primaire dans la Région du Hambol,743020000
220,INVESTISSEMENT,18016001929,Développer les transports routiers dans la commune niakaramadougou,58862000
220,INVESTISSEMENT,18016001931,Développer l'enseignement primaire dans la Commune Tortiya,29000000
220,INVESTISSEMENT,18016001939,Développer les services généraux de planification et de statistiques dans la commune de satama-sokoura,8000000
220,INVESTISSEMENT,18016001950,Développer l'alimentation en eau dans la Commune Tortiya,96000000
220,INVESTISSEMENT,18016001963,Développer des services récréatifs et sportifs dans la commune de tafire,90000000
220,INVESTISSEMENT,18016001969,Acquérir des appareils et du matériel thérapeutique dans la Région du Hambol,50826205
220,INVESTISSEMENT,18016001982,"Développer la distribution, les entrepôts et les magasins dans la commune de bonieredougou",75000000
220,INVESTISSEMENT,18016001983,Développer les transports routiers dans la Commune de Dabakala,20000000
220,INVESTISSEMENT,18016001985,Développer l'hôtellerie et la restauration dans la Commune de Foumbolo,28616000
220,INVESTISSEMENT,18016001986,Développer les transports routiers dans la Commune de Fronan,60874000
220,INVESTISSEMENT,18016001989,"Développer la distribution, les entrepôts et les magasins dans la commune de satama-sokoura",29880000
220,INVESTISSEMENT,18016001998,Développer le logement dans la commune de bassawa,29000000
220,INVESTISSEMENT,18016001999,Développer le logement dans la commune de bonieredougou,35000000
220,INVESTISSEMENT,18016002016,Développer des services culturels dans la Commune de Satama-sokoura,84790708
220,INVESTISSEMENT,18016002017,Développer des services culturels dans la commune de satama-sokoro,33000000
220,INVESTISSEMENT,18016002021,Développer le premier cycle dans l'enseignement sécondaire dans la Région du Hambol,310665000
220,INVESTISSEMENT,18016002059,Développer l'enseignement préélémentaire dans la commune de satama-sokoura,13700000
220,INVESTISSEMENT,18016002174,Développer les transports routiers dans la Commune de Bassawa,21000000
220,INVESTISSEMENT,18016002182,Développer les transports routiers dans la commune de foumbolo,29000000
220,INVESTISSEMENT,18016002185,"Développer la distribution, les entrepôts et les magasins dans la commune tortiya",8610302
220,INVESTISSEMENT,18016002191,Développer des dispensaires et des maternités dans la Commune de Satama-Sokoura,29860000
220,INVESTISSEMENT,18016002192,Acquérir des appareils et du matériel thérapeutique dans la commune de foumbolo,20000000
220,INVESTISSEMENT,18016002194,Acquérir des appareils et du matériel thérapeutique dans la commune de bassawa,29000000
220,INVESTISSEMENT,18016002198,Développer l'enseignement préélémentaire dans la commune tortiya,49950000
220,INVESTISSEMENT,18016002201,Développer l'enseignement préélémentaire dans la commune de bonieredougou,39342782
220,INVESTISSEMENT,18016002210,Développer les autres services généraux dans la Commune de Boniérédougou,143800000
220,INVESTISSEMENT,18016002216,"Développer la distribution, les entrepôts et les magasins dans la commune de tafire",44084631
220,INVESTISSEMENT,18016002257,Développer des services culturels dans la commune de bonieredougou,54500000
220,INVESTISSEMENT,18016002258,Développer l'enseignement primaire dans la commune de katiola,153000000
220,INVESTISSEMENT,18016002267,"Développer la distribution, les entrepôts et les magasins dans la Commune de Fronan",29000000
221,INVESTISSEMENT,18016002275,Développer des dispensaires et des maternités dans la commune de foumbolo,75000000
221,INVESTISSEMENT,18016002278,Développer le logement dans la commune de satama-sokoura,59875000
221,INVESTISSEMENT,18016002280,Développer les autres services généraux dans la Commune de Dabakala,120000000
221,INVESTISSEMENT,18016002289,Développer les autres services généraux dans la Commune de Fronan,80930047
221,INVESTISSEMENT,18016002784,Développer la prise en charge des personnes agées,50500000
221,INVESTISSEMENT,22016000760,Développer les services généraux de planification et de statistiques dans la commune de booko,25000000
221,INVESTISSEMENT,22016000763,Développer les autres services généraux dans la commune de touba,112150000
221,INVESTISSEMENT,22016000767,Développer les autres services généraux dans la commune de borotou,60000000
221,INVESTISSEMENT,22016000775,Développer les transports routiers dans la Commune de Booko,128060000
221,INVESTISSEMENT,22016000776,"Développer la distribution, les entrepôts et les magasins dans la commune de booko",15000000
221,INVESTISSEMENT,22016000786,Développer l'hôtellerie et la restauration dans la commune de koonan,29500000
221,INVESTISSEMENT,22016000793,"Développer la distribution, les entrepôts et les magasins dans la Commune de Ouaninou",82700000
221,INVESTISSEMENT,22016000814,Développer la préservation de la diversité biologique et la protection de la nature dans la commune de koro,25000000
221,INVESTISSEMENT,22016000829,Développer l'éclairage public dans la commune de touba,18096000
221,INVESTISSEMENT,22016000830,Développer l'alimentation en eau dans la commune de booko,50000000
221,INVESTISSEMENT,22016000832,Développer les équipements collectifs dans la Commune de Koro,42359000
221,INVESTISSEMENT,22016000837,Développer le logement dans la commune de ouaninou,26000000
221,INVESTISSEMENT,22016000838,Développer l'alimentation en eau dans la Commune de Ouaninou,58000000
221,INVESTISSEMENT,22016000839,Développer le logement dans la commune de borotou,84000000
221,INVESTISSEMENT,22016000840,Développer l'alimentation en eau dans la Commune de Borotou,37000000
221,INVESTISSEMENT,22016000841,Développer l'éclairage public dans la commune de borotou,40000000
221,INVESTISSEMENT,22016000852,Développer des dispensaires et des maternités dans la commune de touba,20000000
221,INVESTISSEMENT,22016000853,Acquérir des appareils et du matériel thérapeutique dans la commune de touba,21273000
221,INVESTISSEMENT,22016000854,"Développer des services de radiodiffusion, de télévision et d'édition dans la commune de borotou",50000000
221,INVESTISSEMENT,22016000855,"Développer des services de radiodiffusion, de télévision et d'édition dans la commune de ouaninou",21000000
221,INVESTISSEMENT,22016000856,Développer des services récréatifs et sportifs dans la commune de ouaninou,77500000
221,INVESTISSEMENT,22016000857,Développer des services culturels dans la Commune de Guintéguéla,30000000
221,INVESTISSEMENT,22016000862,Développer des services récréatifs et sportifs dans la commune de touba,73700000
221,INVESTISSEMENT,22016000863,Développer l'enseignement non défini par niveau dans la commune de borotou,22000000
221,INVESTISSEMENT,22016000867,Développer l'enseignement primaire dans la Commune de Guintéguéla,90000000
221,INVESTISSEMENT,22016000870,Développer l'enseignement primaire dans la Commune de Koro,25000000
221,INVESTISSEMENT,22016000874,Développer l'enseignement non défini par niveau dans la commune de touba,35000000
221,INVESTISSEMENT,22016000875,Développer l'enseignement primaire dans la commune de touba,50000000
222,INVESTISSEMENT,22016000917,Développer les transports routiers dans la commune de koro,28850000
222,INVESTISSEMENT,22016000924,Développer des services culturels dans la Commune de Ouaninou,33500000
222,INVESTISSEMENT,22016000936,Développer les autres services généraux dans la commune de booko,23000000
222,INVESTISSEMENT,22016000963,Développer l'enseignement non défini par niveau dans la commune de guinteguela,14000000
222,INVESTISSEMENT,22016000964,Développer l'enseignement primaire dans la commune de koonan,177875800
222,INVESTISSEMENT,22016000965,Développer l'enseignement non défini par niveau dans la Commune de Koro,35538116
222,INVESTISSEMENT,22016000968,Développer les équipements collectifs dans la Commune de Touba,15000000
222,INVESTISSEMENT,22016000970,Développer le logement dans la commune de booko,107071000
222,INVESTISSEMENT,22016000974,Développer les équipements collectifs dans la commune de ouaninou,20000000
222,INVESTISSEMENT,22016000975,Promouvoir la recherche et le développement dans le domaine du logement et des équipements collectifs dans la commune de ouanin,10655546
222,INVESTISSEMENT,22016000976,Développer les transports routiers dans la Commune de Touba,116884000
222,INVESTISSEMENT,22016000980,"Développer la distribution, les entrepôts et les magasins dans la commune de koonan",16671000
222,INVESTISSEMENT,22016000983,"Développer la distribution, les entrepôts et les magasins dans la Commune de Guintéguéla",86665000
222,INVESTISSEMENT,22016000984,Développer les transports routiers dans la commune de ouaninou,28000000
222,INVESTISSEMENT,22016000995,Développer des services récréatifs et sportifs dans la commune de booko,44074049
222,INVESTISSEMENT,22016001001,Développer la gestion des déchets dans la commune de koonan,4000000
222,INVESTISSEMENT,22016001005,Développer la préservation de la diversité biologique et la protection de la nature dans la commune de koonan,13000000
222,INVESTISSEMENT,22016001013,Développer des dispensaires et des maternités dans la Commune de Guintéguéla,25000000
222,INVESTISSEMENT,22016001025,Développer les autres services généraux dans la commune de koonan,104500000
222,INVESTISSEMENT,22016001052,Développer le logement dans la commune de koonan,30000000
222,INVESTISSEMENT,22016001053,Développer des dispensaires et des maternités dans la Commune de koonan,15000000
222,INVESTISSEMENT,22016001058,Développer des services culturels dans la Commune de Borotou,82915231
222,INVESTISSEMENT,22016001060,Développer des services culturels dans la Commune de Booko,12000000
222,INVESTISSEMENT,22016001063,Développer l'enseignement primaire dans la Commune de Ouaninou,85500000
222,INVESTISSEMENT,22016001066,Développer l'enseignement préélémentaire dans la Commune de Touba,15000735
222,INVESTISSEMENT,22016001073,Développer les équipements collectifs dans la commune de booko,27000000
222,INVESTISSEMENT,22016001088,Développer des services récréatifs et sportifs dans la commune de koro,20000000
222,INVESTISSEMENT,22016001156,Développer le logement dans la Commune de Guintéguéla,93659188
222,INVESTISSEMENT,22016001157,Développer des services récréatifs et sportifs dans la commune de koonan,19500000
222,INVESTISSEMENT,22016001158,"Développer la distribution, les entrepôts et les magasins dans la commune de koro",223000000
222,INVESTISSEMENT,22016001166,Développer des services culturels dans la Commune de Touba,10000000
222,INVESTISSEMENT,22016001168,Développer l'enseignement préélémentaire dans la commune de guinteguela,30000000
222,INVESTISSEMENT,22016001177,Développer les services généraux de planification et de statistiques dans la commune de koonan,16000000
223,INVESTISSEMENT,22016001195,Développer les transports routiers dans la Commune de Guintéguéla,78300000
223,INVESTISSEMENT,22016001202,Développer l'enseignement primaire dans la commune de borotou,40000000
223,INVESTISSEMENT,22016001208,Développer l'éclairage public dans la Commune de Koro,29000000
223,INVESTISSEMENT,23016001416,Développer les autres services généraux dans la commune d'Odienné,60000000
223,INVESTISSEMENT,23016001418,Développer les autres services généraux dans la commune de tieme,20000000
223,INVESTISSEMENT,23016001419,Développer les autres services généraux dans la commune de gbeleban,105000000
223,INVESTISSEMENT,23016001420,Développer les autres services généraux dans la commune de seydougou,54264902
223,INVESTISSEMENT,23016001422,Développer les autres services généraux dans la commune de madinani,14261000
223,INVESTISSEMENT,23016001423,Développer les autres services généraux dans la commune de seguelon,65000000
223,INVESTISSEMENT,23016001424,Développer les autres services généraux dans la commune de samatiguila,46550000
223,INVESTISSEMENT,23016001436,Développer l'agriculture dans la commune de Bako,3000000
223,INVESTISSEMENT,23016001439,"Développer la distribution, les entrepôts et les magasins dans la Commune de Bako",116126368
223,INVESTISSEMENT,23016001447,Développer l'agriculture dans la commune de tieme,34750000
223,INVESTISSEMENT,23016001448,Développer les transports routiers dans la Commune de Tiémé,30000000
223,INVESTISSEMENT,23016001452,Développer les transports routiers dans la Commune de Gbéléban,64352000
223,INVESTISSEMENT,23016001456,Développer les transports routiers dans la commune de seguela,75000000
223,INVESTISSEMENT,23016001463,"Développer la distribution, les entrepôts et les magasins dans la Commune de Seydougou",29000000
223,INVESTISSEMENT,23016001466,"Développer la distribution, les entrepôts et les magasins dans la commune de madinani",34000000
223,INVESTISSEMENT,23016001467,Développer l'hôtellerie et la restauration dans la Commune de Madinani,40017000
223,INVESTISSEMENT,23016001471,Développer l'hôtellerie et la restauration dans la commune de seguelon,90000000
223,INVESTISSEMENT,23016001473,Développer l'agriculture dans la commune de samatiguila,30000000
223,INVESTISSEMENT,23016001474,Développer les transports routiers dans la Commune de Samatiguila,66000000
223,INVESTISSEMENT,23016001476,Développer l'hôtellerie et la restauration dans la commune de samatiguila,32000000
223,INVESTISSEMENT,23016001490,Développer les services de police dans la commune de seguelon,17000000
223,INVESTISSEMENT,23016001492,Développer l'agriculture dans la Région du Kabadougou,61170000
223,INVESTISSEMENT,23016001502,Développer le logement dans la Région du Kabadougou,76246000
223,INVESTISSEMENT,23016001503,Développer l'éclairage public dans la Région du Kabadougou,40000000
223,INVESTISSEMENT,23016001522,Acquérir des appareils et du matériel thérapeutique dans la Région du Kabadougou,35000000
223,INVESTISSEMENT,23016001527,Développer les services généraux de planification et de statistiques dans la Commune de Bako,12000000
223,INVESTISSEMENT,23016001536,Développer l'alimentation en eau dans la commune de Bako,30000000
223,INVESTISSEMENT,23016001539,Développer l'éclairage public dans la commune de dioulatiedougou,25076580
223,INVESTISSEMENT,23016001548,Développer le logement dans la commune de seguelon,90000000
223,INVESTISSEMENT,23016001551,Développer l'alimentation en eau dans la commune de samatiguila,32190000
224,INVESTISSEMENT,23016001552,Développer l'éclairage public dans la Commune de Samatiguila,40000000
224,INVESTISSEMENT,23016001564,Développer des dispensaires et des maternités dans la commune de seguelon,17491000
224,INVESTISSEMENT,23016001573,Développer des dispensaires et des maternités dans la Commune de Bako,53031000
224,INVESTISSEMENT,23016001574,Acquérir des appareils et du matériel thérapeutique dans la commune de Bako,14000000
224,INVESTISSEMENT,23016001577,Développer des services culturels dans la commune de samatiguila,44468406
224,INVESTISSEMENT,23016001581,Développer des services récréatifs et sportifs dans la commune de seguelon,66124610
224,INVESTISSEMENT,23016001582,Développer des services culturels dans la commune de madinani,72983108
224,INVESTISSEMENT,23016001583,Développer des services récréatifs et sportifs dans la commune de seydougou,42706000
224,INVESTISSEMENT,23016001588,Développer des services culturels dans la Commune de Dioulatiédougou,50000000
224,INVESTISSEMENT,23016001590,Développer des services récréatifs et sportifs dans la commune de Bako,22000000
224,INVESTISSEMENT,23016001591,Développer des services récréatifs et sportifs dans la commune d'Odienné,51752943
224,INVESTISSEMENT,23016001593,Développer l'enseignement primaire dans la Commune de Séguéla,80000000
224,INVESTISSEMENT,23016001594,Développer des services culturels dans la région du kabadougou,32000000
224,INVESTISSEMENT,23016001597,Développer l'enseignement primaire dans la Commune de Séguélon,47000000
224,INVESTISSEMENT,23016001599,Développer l'enseignement primaire dans la commune de madinani,6168000
224,INVESTISSEMENT,23016001603,Développer l'enseignement primaire dans la Commune de Tiémé,86071000
224,INVESTISSEMENT,23016001604,Développer l'enseignement préélémentaire dans la Commune de Tiemé,10574000
224,INVESTISSEMENT,23016001610,Développer l'enseignement primaire dans la Région du Kabadougou,297000000
224,INVESTISSEMENT,23016001706,Développer des dispensaires et des maternités dans la commune de madinani,60000000
224,INVESTISSEMENT,23016001711,Développer des services culturels dans la commune de tieme,24000000
224,INVESTISSEMENT,23016001719,"Développer la distribution, les entrepôts et les magasins dans la commune de tieme",44202000
224,INVESTISSEMENT,23016001727,Développer le logement dans la commune de samatiguila,20000000
224,INVESTISSEMENT,23016001728,Développer l'éclairage public dans la commune de seguela,100000000
224,INVESTISSEMENT,23016001731,"Promouvoir la recherche et le développement dans le domaine de l'agriculture, la sylviculture, la pêche et la chasse dans la commune",152000000
224,INVESTISSEMENT,23016001732,"Développer la distribution, les entrepôts et les magasins dans la Commune de Séguélon",91000000
224,INVESTISSEMENT,23016001736,Promouvoir la recherche et le développement dans d'autres branches d'activités dans la commune de samatiguila,24000000
224,INVESTISSEMENT,23016001739,Développer les autres services généraux dans la Commune de Bako,10000000
224,INVESTISSEMENT,23016001743,Développer l'agriculture dans la Commune d'Odienné,5000000
224,INVESTISSEMENT,23016001745,Développer les transports routiers dans la Commune de Bako,17000000
224,INVESTISSEMENT,23016001754,Développer l'hôtellerie et la restauration dans la commune de tieme,27000000
224,INVESTISSEMENT,23016001756,"Développer la distribution, les entrepôts et les magasins dans la commune de gbeleban",20000000
224,INVESTISSEMENT,23016001760,Développer les services généraux de planification et de statistiques dans la région du kabadougou,230000000
224,INVESTISSEMENT,23016001764,Développer la gestion des déchets dans la commune de Bako,15000000
225,INVESTISSEMENT,23016001775,Développer les transports routiers dans la Région du Kabadougou,116699000
225,INVESTISSEMENT,23016001789,Développer des services hospitaliers généraux dans la région du kabadougou,50000000
225,INVESTISSEMENT,23016001793,Développer des dispensaires et des maternités dans la Commune de Seydougou,26000000
225,INVESTISSEMENT,23016001797,Développer des dispensaires et des maternités dans la Commune d'Odienné,37000000
225,INVESTISSEMENT,23016001803,Développer l'enseignement primaire dans la commune de seydougou,28000000
225,INVESTISSEMENT,23016001806,Développer l'enseignement primaire dans la commune de Bako,9404000
225,INVESTISSEMENT,23016001810,Développer l'éclairage public dans la commune de Bako,29855000
225,INVESTISSEMENT,23016001836,Développer des services récréatifs et sportifs dans la commune de madinani,63799000
225,INVESTISSEMENT,23016001857,Développer l'enseignement préélémentaire dans la région du kabadougou,30000000
225,INVESTISSEMENT,23016001878,Développer l'enseignement préélémentaire dans la commune de samatiguila,550000
225,INVESTISSEMENT,23016001882,Développer l'alimentation en eau dans la commune de seydougou,40000000
225,INVESTISSEMENT,23016001905,"Développer la distribution, les entrepôts et les magasins dans la Région du Kabadougou",56000000
225,INVESTISSEMENT,23016001908,Développer les autres services généraux dans la région du kabadougou,281997402
225,INVESTISSEMENT,23016001915,Développer les autres services généraux dans la Commune de Séguéla,60000000
225,INVESTISSEMENT,23016001929,Développer le logement dans la commune de dioulatiedougou,311000000
225,INVESTISSEMENT,23016001935,Développer les transports routiers dans la Commune d'Odienné,55000000
225,INVESTISSEMENT,23016001936,Promouvoir la recherche et le développement dans d'autres branches d'activités dans la commune d'Odienné,10000000
225,INVESTISSEMENT,23016001941,Développer l'hôtellerie et la restauration dans la commune de seydougou,50000000
225,INVESTISSEMENT,23016001942,Développer les transports routiers dans la commune de madinani,100115000
225,INVESTISSEMENT,23016001946,Développer l'alimentation en eau dans la Commune de Madinani,25000000
225,INVESTISSEMENT,23016001947,Développer les affaires économiques non classées ailleurs (n.c.a.) dans la commune d'Odienné,90790000
225,INVESTISSEMENT,23016001961,"Développer des services de radiodiffusion, de télévision et d'édition dans la commune de madinani",15000000
225,INVESTISSEMENT,23016001963,Développer des services récréatifs et sportifs dans la commune de tieme,65000000
225,INVESTISSEMENT,23016001965,Développer l'enseignement préélémentaire dans la commune de seguela,40000000
225,INVESTISSEMENT,23016001967,Développer l'enseignement non défini par niveau dans la Commune de Samatiguila,110051000
225,INVESTISSEMENT,23016001976,Promouvoir la recherche et le développement dans le domaine de l'enseignement dans la commune d'Odienné,5000000
225,INVESTISSEMENT,23016001977,"Développer des services de radiodiffusion, de télévision et d'édition dans la commune de seguela",21476912
225,INVESTISSEMENT,23016001981,"Développer la distribution, les entrepôts et les magasins dans la Commune de Seguéla",30000000
225,INVESTISSEMENT,23016001990,Promouvoir la recherche et le développement dans le domaine du logement et des équipements collectifs dans la commune de seydou,28000000
225,INVESTISSEMENT,23016002008,Développer les industries manufacturières dans la commune d'Odienné,100000000
225,INVESTISSEMENT,23016002053,Développer des dispensaires et des maternités dans la Région du Kabadougou,390000000
225,INVESTISSEMENT,23016002076,Développer l'alimentation en eau dans la commune de Gbéléban,84073000
225,INVESTISSEMENT,23016002103,"Développer la distribution, les entrepôts et les magasins dans la commune de samatiguila",17219000
226,INVESTISSEMENT,23016002113,Développer l'alimentation en eau dans la Région du Kabadougou,188967000
226,INVESTISSEMENT,23016002116,Développer les industries manufacturières dans la commune de seydougou,30000000
226,INVESTISSEMENT,23016002117,Développer les autres services généraux dans la commune de dioulatiedougou,29000000
226,INVESTISSEMENT,23016002124,Développer le logement dans la commune de Bako,93000000
226,INVESTISSEMENT,23016002126,Développer l'hôtellerie et la restauration dans la commune d'Odienné,23790000
226,INVESTISSEMENT,23016002136,Développer l'hôtellerie et la restauration dans la commune de seguela,35000000
226,INVESTISSEMENT,23016002150,Développer des services culturels dans la Commune d'Odienné,42000000
226,INVESTISSEMENT,23016002155,Développer l'enseignement primaire dans la commune de samatiguila,18000000
226,INVESTISSEMENT,23016002162,Développer le logement dans la commune de gbeleban,151732374
226,INVESTISSEMENT,23016002178,"Développer la distribution, les entrepôts et les magasins dans la commune d'Odienné",70000000
226,INVESTISSEMENT,23016002180,Développer le deuxième cycle de l'enseignement secondaire dans la région du kabadougou,70000000
226,INVESTISSEMENT,23016002184,Développer l'enseignement primaire dans la commune de gbeleban,50000000
226,INVESTISSEMENT,23016002190,Développer les équipements collectifs dans la région du kabadougou,12000000
226,INVESTISSEMENT,23016002225,Développer des dispensaires et des maternités dans la Commune de Tiémé,86374305
226,INVESTISSEMENT,23016002235,Développer des services culturels dans la commune de seguela,95000000
226,INVESTISSEMENT,23016002237,Développer le premier cycle dans l'enseignement secondaire dans la Région du Kabadougou,100784000
226,INVESTISSEMENT,24016000822,Développer les autres services généraux dans la commune de koumbala,58867000
226,INVESTISSEMENT,24016000823,Développer les autres services généraux dans la Commune de Ouangolodougou,117998000
226,INVESTISSEMENT,24016000824,Développer les autres services généraux dans la commune de diawala,120000000
226,INVESTISSEMENT,24016000833,Développer les transports routiers dans la Commune de Ferkessédougou,76095648
226,INVESTISSEMENT,24016000834,"Développer la distribution, les entrepôts et les magasins dans la Commune de Ferkessédougou",90000000
226,INVESTISSEMENT,24016000836,Développer l'agriculture dans la Commune de Koumbala,55000000
226,INVESTISSEMENT,24016000839,"Développer la distribution, les entrepôts et les magasins dans la commune de koumbala",28109000
226,INVESTISSEMENT,24016000840,Développer les transports routiers dans la Commune de Koumbala,58000000
226,INVESTISSEMENT,24016000846,Développer les transports routiers dans la commune de ouangolodougou,57000000
226,INVESTISSEMENT,24016000867,Développer les transports routiers dans la région du tchologo,217541000
226,INVESTISSEMENT,24016000874,Développer l'alimentation en eau dans la Région du Tchologo,870000000
226,INVESTISSEMENT,24016000892,Développer les services généraux de planification et de statistiques dans la commune de koumbala,12863000
226,INVESTISSEMENT,24016000896,Développer l'éclairage public dans la commune de Ferkessédougou,62319000
226,INVESTISSEMENT,24016000897,Développer l'éclairage public dans la Commune de Koumbala,25925000
226,INVESTISSEMENT,24016000899,Développer les équipements collectifs dans la commune de Kong,29000000
226,INVESTISSEMENT,24016000901,Développer les équipements collectifs dans la commune de ouangolodougou,15000000
226,INVESTISSEMENT,24016000903,Développer l'alimentation en eau dans la commune de diawala,90000000
227,INVESTISSEMENT,24016000906,Développer les équipements collectifs dans la Commune de Niellé,31000000
227,INVESTISSEMENT,24016000907,Développer l'alimentation en eau dans la Commune de Niellé,37382163
227,INVESTISSEMENT,24016000919,Développer des dispensaires et des maternités dans la commune de Ferkessédougou,56925000
227,INVESTISSEMENT,24016000922,Développer des services culturels dans la commune de diawala,17000000
227,INVESTISSEMENT,24016000927,Développer des services récréatifs et sportifs dans la commune de Kong,70399000
227,INVESTISSEMENT,24016000929,Développer des services récréatifs et sportifs dans la commune de Ferkessédougou,42696000
227,INVESTISSEMENT,24016000937,Développer l'enseignement primaire dans la commune de koumbala,103246675
227,INVESTISSEMENT,24016000940,Développer l'enseignement primaire dans la Région du Tchologo,343000000
227,INVESTISSEMENT,24016000941,Développer le premier cycle dans l'enseignement secondaire dans la Région du Tchologo,162306927
227,INVESTISSEMENT,24016001005,Développer les autres services généraux dans la Commune de Niéllé,155422000
227,INVESTISSEMENT,24016001007,Développer le logement dans la région du tchologo,75000000
227,INVESTISSEMENT,24016001012,Développer l'enseignement préélémentaire dans la commune de ouangolodougou,60000000
227,INVESTISSEMENT,24016001030,"Promouvoir la recherche et le développement dans le domaine de l'agriculture, la sylviculture, la pêche et la chasse dans la région du",133476000
227,INVESTISSEMENT,24016001034,"Développer la distribution, les entrepôts et les magasins dans la commune de Kong",86000000
227,INVESTISSEMENT,24016001035,"Développer la distribution, les entrepôts et les magasins dans la commune de ouangolodougou",34302019
227,INVESTISSEMENT,24016001037,"Développer la distribution, les entrepôts et les magasins dans la commune de diawala",65000000
227,INVESTISSEMENT,24016001049,Développer des dispensaires et des maternités dans la Région du Tchologo,70000000
227,INVESTISSEMENT,24016001050,Développer l'enseignement primaire dans la Commune de Diawala,65000000
227,INVESTISSEMENT,24016001051,Développer l'enseignement primaire dans la Commune de Ouangolodougou,89000000
227,INVESTISSEMENT,24016001054,Développer l'enseignement primaire dans la Commune de Kong,42000000
227,INVESTISSEMENT,24016001057,Développer le logement dans la commune de Kong,98000000
227,INVESTISSEMENT,24016001058,Développer l'éclairage public dans la commune de Kong,45000000
227,INVESTISSEMENT,24016001064,Acquérir des appareils et du matériel thérapeutique dans la commune de diawala,52771275
227,INVESTISSEMENT,24016001065,Acquérir des appareils et du matériel thérapeutique dans la commune de ouangolodougou,30000000
227,INVESTISSEMENT,24016001066,Développer des dispensaires et des maternités dans la commune de koumbala,19427000
227,INVESTISSEMENT,24016001068,Développer les services généraux de planification et de statistiques dans la commune de diawala,15000000
227,INVESTISSEMENT,24016001132,Développer l'hôtellerie et la restauration dans la Commune de Ouangolodougou,35000000
227,INVESTISSEMENT,24016001139,Développer l'alimentation en eau dans la Commune de Kong,58000000
227,INVESTISSEMENT,24016001144,Développer des services récréatifs et sportifs dans la commune de diawala,30000000
227,INVESTISSEMENT,24016001146,Développer des services culturels dans la Commune de Koumbala,10000000
227,INVESTISSEMENT,24016001160,Développer l'enseignement primaire dans la Commune de Ferkessédougou,240172000
227,INVESTISSEMENT,24016001167,Développer l'agriculture dans la commune de diawala,65000000
227,INVESTISSEMENT,24016001168,Développer l'enseignement primaire dans la Commune de Niéllé,220000000
228,INVESTISSEMENT,24016001201,Promouvoir la recherche et le développement dans le domaine du logement et des équipements collectifs dans la commune de Kong,27000000
228,INVESTISSEMENT,24016001206,Développer l'agriculture dans la Région du Tchologo,350500000
228,INVESTISSEMENT,24016001227,Développer l'éclairage public dans la Commune de Ouangolodougou,50500000
228,INVESTISSEMENT,24016001232,Développer l'alimentation en eau dans la Commune de Ferkessédougou,50000000
228,INVESTISSEMENT,24016001233,Développer les équipements collectifs dans la commune de diawala,25000000
228,INVESTISSEMENT,24016001239,Développer le logement dans la commune de nielle,94500000
228,INVESTISSEMENT,24016001244,Développer l'hôtellerie et la restauration dans la commune de koumbala,27954000
228,INVESTISSEMENT,24016001257,Développer les autres services généraux dans la Commune de Kong,24599403
228,INVESTISSEMENT,24016001267,Développer des dispensaires et des maternités dans la Commune de Ouangolodougou,22000000
228,INVESTISSEMENT,24016001289,Développer l'hôtellerie et la restauration dans la commune de Kong,29500000
228,INVESTISSEMENT,24016001292,Développer l'alimentation en eau dans la Commune de Ouangolodougou,70000000
228,INVESTISSEMENT,24016001299,Acquérir des appareils et du matériel thérapeutique dans la commune de koumbala,16974000
228,INVESTISSEMENT,25016001404,Développer les autres services généraux dans la région du poro,27728000
228,INVESTISSEMENT,25016001412,Développer les transports routiers dans la commune de guiembe,38000000
228,INVESTISSEMENT,25016001418,Développer les autres services généraux dans la commune de karakoro,140000000
228,INVESTISSEMENT,25016001419,Développer les autres services généraux dans la commune de m'bengue,175000000
228,INVESTISSEMENT,25016001420,Développer les autres services généraux dans la Commune de Guiembré,4500000
228,INVESTISSEMENT,25016001437,Développer les transports routiers dans la Commune de Korhogo,459258523
228,INVESTISSEMENT,25016001450,Développer l'agriculture dans la commune de sirasso,28500000
228,INVESTISSEMENT,25016001456,Développer les transports routiers dans la Commune de Tioroniaradougou,15930000
228,INVESTISSEMENT,25016001457,"Développer la distribution, les entrepôts et les magasins dans la commune de tioroniaradougou",62100000
228,INVESTISSEMENT,25016001464,Développer l'agriculture dans la Commune de karakoro,17412319
228,INVESTISSEMENT,25016001465,Développer les transports routiers dans la Commune de karakoro,50337000
228,INVESTISSEMENT,25016001479,Développer les transports routiers dans la Commune de Dikodougou,25000000
228,INVESTISSEMENT,25016001481,"Développer la distribution, les entrepôts et les magasins dans la Commune de Dikodougou",80463000
228,INVESTISSEMENT,25016001487,Développer la gestion des déchets dans la commune de Korhogo,71860000
228,INVESTISSEMENT,25016001495,Développer la gestion des déchets dans la commune de tioroniaradougou,9667000
228,INVESTISSEMENT,25016001509,Acquérir des appareils et du matériel thérapeutique dans la Région du Poro,70000000
228,INVESTISSEMENT,25016001517,Développer les services généraux de planification et de statistiques dans la commune de sinematiali,10000000
228,INVESTISSEMENT,25016001523,Développer le logement dans la commune de napieledougou,28000000
228,INVESTISSEMENT,25016001524,Développer les équipements collectifs dans la commune de napieledougou,13000000
228,INVESTISSEMENT,25016001527,Développer l'éclairage public dans la commune de niofoin,113423000
228,INVESTISSEMENT,25016001529,Développer l'alimentation en eau dans la Commune de Sirasso,77000000
229,INVESTISSEMENT,25016001531,Développer les équipements collectifs dans la commune de tioroniaradougou,65000000
229,INVESTISSEMENT,25016001533,Développer les équipements collectifs dans la commune de karakoro,29500000
229,INVESTISSEMENT,25016001534,Développer l'éclairage public dans la Commune de karakoro,29500000
229,INVESTISSEMENT,25016001536,Développer les équipements collectifs dans la commune de m'bengue,23000000
229,INVESTISSEMENT,25016001537,Développer les équipements collectifs dans la commune de sinematiali,119360234
229,INVESTISSEMENT,25016001538,Développer l'alimentation en eau dans la Commune de Sinematiali,12000000
229,INVESTISSEMENT,25016001540,Développer le logement dans la commune de guiembe,106954378
229,INVESTISSEMENT,25016001541,Développer les équipements collectifs dans la Commune de Guiémbé,28000000
229,INVESTISSEMENT,25016001545,Développer des dispensaires et des maternités dans la Commune de Guiémbé,97000000
229,INVESTISSEMENT,25016001548,Développer des dispensaires et des maternités dans la Commune de Dokodougou,29900000
229,INVESTISSEMENT,25016001551,Développer des dispensaires et des maternités dans la commune de m'bengue,40000000
229,INVESTISSEMENT,25016001558,Développer des dispensaires et des maternités dans la Commune de Napieledougou,34000842
229,INVESTISSEMENT,25016001559,Acquérir des appareils et du matériel thérapeutique dans la commune de napieledougou,12500000
229,INVESTISSEMENT,25016001560,Développer des dispensaires et des maternités dans la Commune de Korhogo,21000000
229,INVESTISSEMENT,25016001566,Développer des services récréatifs et sportifs dans la commune de sinematiali,55832000
229,INVESTISSEMENT,25016001568,Développer des services culturels dans la commune de komborodougou,21567000
229,INVESTISSEMENT,25016001570,Développer des services culturels dans la commune de karakoro,75000000
229,INVESTISSEMENT,25016001571,Développer des services culturels dans la Commune de Tioroniaradougou,123500000
229,INVESTISSEMENT,25016001572,"Développer des services de radiodiffusion, de télévision et d'édition dans la commune de sirasso",26000000
229,INVESTISSEMENT,25016001575,Développer des services récréatifs et sportifs dans la commune de napieledougou,13069000
229,INVESTISSEMENT,25016001577,Développer l'enseignement préélémentaire dans la commune de guiembe,15878000
229,INVESTISSEMENT,25016001581,Développer l'enseignement primaire dans la Commune de komborodougou,70500244
229,INVESTISSEMENT,25016001583,Développer l'enseignement primaire dans la Commune de karakoro,29500000
229,INVESTISSEMENT,25016001585,Développer l'enseignement primaire dans la commune de tioroniaradougou,67612000
229,INVESTISSEMENT,25016001588,Développer l'enseignement préélémentaire dans la commune de sirasso,71500000
229,INVESTISSEMENT,25016001589,Développer l'enseignement primaire dans la Commune de Niofoin,37000847
229,INVESTISSEMENT,25016001591,Développer l'enseignement non défini par niveau dans la commune de napieledougou,66859000
229,INVESTISSEMENT,25016001592,Développer l'enseignement primaire dans la Commune de Napiélédougou,60108000
229,INVESTISSEMENT,25016001594,Développer l'enseignement primaire dans la Commune de Korhogo,385000000
229,INVESTISSEMENT,25016001596,Développer le premier cycle dans l'enseignement secondaire dans la Région du Poro,992100765
229,INVESTISSEMENT,25016001694,Développer l'enseignement primaire dans la Commune de M'bengué,25000000
229,INVESTISSEMENT,25016001712,Développer des services récréatifs et sportifs dans la commune de m'bengue,42000000
229,INVESTISSEMENT,25016001713,Développer l'alimentation en eau dans la Commune de Komborodougou,40000000
230,INVESTISSEMENT,25016001726,Développer des services culturels dans la commune de sinematiali,20489000
230,INVESTISSEMENT,25016001727,Développer des services culturels dans la commune de niofoin,119199000
230,INVESTISSEMENT,25016001735,Développer l'enseignement primaire dans la Commune de Sinématiali,37270000
230,INVESTISSEMENT,25016001775,Promouvoir la recherche et le développement dans d'autres branches d'activités dans la région du poro,60000000
230,INVESTISSEMENT,25016001778,"Développer la distribution, les entrepôts et les magasins dans la commune de Korhogo",20000000
230,INVESTISSEMENT,25016001780,Développer les transports routiers dans la Commune de Napieledougou,52000000
230,INVESTISSEMENT,25016001783,"Développer la distribution, les entrepôts et les magasins dans la Commune de Niofoin",61153000
230,INVESTISSEMENT,25016001791,Développer les transports routiers dans la commune de m'bengue,25129211
230,INVESTISSEMENT,25016001792,Développer l'hôtellerie et la restauration dans la commune de m'bengue,85000000
230,INVESTISSEMENT,25016001804,Développer la préservation de la diversité biologique et la protection de la nature dans la Région du Poro,25000000
230,INVESTISSEMENT,25016001807,Développer la gestion des déchets dans la commune de guiembe,20000000
230,INVESTISSEMENT,25016001811,Développer l'enseignement non défini par niveau dans la commune de sirasso,58810000
230,INVESTISSEMENT,25016001826,Développer l'éclairage public dans la commune de sinematiali,29597000
230,INVESTISSEMENT,25016001827,Développer les équipements collectifs dans la commune de dikodougou,17000000
230,INVESTISSEMENT,25016001833,Développer des dispensaires et des maternités dans la Commune de Tioroniaradougou,14600000
230,INVESTISSEMENT,25016001836,Acquérir des appareils et du matériel thérapeutique dans la commune de Korhogo,102000000
230,INVESTISSEMENT,25016001840,Développer les services généraux de planification et de statistiques dans la commune de niofoin,16000000
230,INVESTISSEMENT,25016001856,Développer l'enseignement non défini par niveau dans la commune de m'bengue,10000000
230,INVESTISSEMENT,25016001872,Développer le logement dans le cadre de la protection sociale dans la commune de dikodougou,29900000
230,INVESTISSEMENT,25016001874,Développer l'enseignement primaire dans la Région du Poro,330000000
230,INVESTISSEMENT,25016001899,Développer la préservation de la diversité biologique et la protection de la nature dans la commune de karakoro,29500000
230,INVESTISSEMENT,25016001912,Développer l'éclairage public dans la commune de dikodougou,3900000
230,INVESTISSEMENT,25016001927,Développer des dispensaires et des maternités dans la Région du Poro,317069000
230,INVESTISSEMENT,25016001952,Développer l'alimentation en eau dans la Commune de Tioroniaradougou,14962953
230,INVESTISSEMENT,25016001953,Développer les équipements collectifs dans la Commune de Komborodougou,12000000
230,INVESTISSEMENT,25016001954,Développer l'alimentation en eau dans la commune de m'bengue,9000000
230,INVESTISSEMENT,25016001958,Développer l'agriculture dans la Région du Poro,68182000
230,INVESTISSEMENT,25016001968,Développer des services culturels dans la Commune de Napieledougou,54500000
230,INVESTISSEMENT,25016001969,Développer des services culturels dans la commune de Korhogo,40000000
230,INVESTISSEMENT,25016001979,Développer l'enseignement primaire dans la Commune de Guiémbé,48000000
230,INVESTISSEMENT,25016001983,Développer le deuxième cycle de l'enseignement sécondaire dans la Région du Poro,289393000
230,INVESTISSEMENT,25016001985,Acquérir des appareils et du matériel thérapeutique dans la Commune de Tioroniaradougou,17000000
230,INVESTISSEMENT,25016001996,"Développer la distribution, les entrepôts et les magasins dans la commune de sirasso",25500000
231,INVESTISSEMENT,25016001999,Acquérir des appareils et du matériel thérapeutique dans la commune de guiembe,8000000
231,INVESTISSEMENT,25016002005,Développer les services généraux de planification et de statistiques dans la commune de dikodougou,16996000
231,INVESTISSEMENT,25016002025,Développer des services récréatifs et sportifs dans la commune de niofoin,72000000
231,INVESTISSEMENT,25016002042,Développer l'alimentation en eau dans la Commune de Dikodougou,22406000
231,INVESTISSEMENT,25016002050,Développer les autres services généraux dans la commune de sirasso,25000000
231,INVESTISSEMENT,25016002079,Développer l'agriculture dans la commune de m'bengue,21000000
231,INVESTISSEMENT,25016002141,"Développer la distribution, les entrepôts et les magasins dans la commune de guiembe",32000000
231,INVESTISSEMENT,25016002144,Développer l'éclairage public dans la Commune de M'bengué,53000000
231,INVESTISSEMENT,25016002147,Développer les autres services généraux dans la commune de dikodougou,101000854
231,INVESTISSEMENT,25016002152,Développer des services récréatifs et sportifs dans la commune de guiembe,20000000
231,INVESTISSEMENT,25016002172,Développer l'enseignement primaire dans la Commune de Sirasso,82040534
231,INVESTISSEMENT,25016002194,Développer les autres services généraux dans la Commune de Sinématiali,201854000
231,INVESTISSEMENT,25016002223,Développer les transports routiers dans la commune de sirasso,28000000
231,INVESTISSEMENT,25016002230,Développer l'enseignement non défini par niveau dans la commune de dikodougou,29900000
231,INVESTISSEMENT,25016002238,Développer l'agriculture dans la Commune de Napiélédougou,14000000
231,INVESTISSEMENT,25016002241,Développer les services généraux de planification et de statistiques dans la commune de Korhogo,28000000
231,INVESTISSEMENT,25016002246,Développer l'alimentation en eau dans la commune de karakoro,26000000
231,INVESTISSEMENT,25016002247,Développer des services récréatifs et sportifs dans la commune de tioroniaradougou,41620000
231,INVESTISSEMENT,25016002248,Développer l'enseignement primaire dans la Commune de Dikodougou,84900000
231,INVESTISSEMENT,25016002251,Promouvoir la recherche et le développement dans le domaine de la protection de l'environnement dans la région du poro,90000000
231,INVESTISSEMENT,25016002260,Développer les autres services généraux dans la Commune de Napieledougou,95295000
231,INVESTISSEMENT,25016002322,"Développer la distribution, les entrepôts et les magasins dans la commune de Komborodougou",70000000
231,INVESTISSEMENT,25016002438,Développer les services de police dans la commune de Komborodougou,34000000
231,INVESTISSEMENT,25016002617,"Développer la distribution, les entrepôts et les magasins dans la Région du Poro",100000000
231,INVESTISSEMENT,25016002618,Développer l'hôtellerie et la restauration dans la Commune de Komborodougou,10000000
231,INVESTISSEMENT,25016002729,Développer le logement dans la Commune de Komborodougou,106093000
231,INVESTISSEMENT,25016002730,Développer des dispensaires et des maternités dans la commune de Komborodougou,35105000
231,INVESTISSEMENT,25016002927,Acquérir des appareils et du matériel thérapeutique,21473000
231,INVESTISSEMENT,26016000968,Développer les transports routiers dans la Commune de Boundiali,47424251
231,INVESTISSEMENT,26016000977,Développer les transports routiers dans la commune de kouto,53700000
231,INVESTISSEMENT,26016000981,"Développer la distribution, les entrepôts et les magasins dans la Commune de Tengréla",117611252
231,INVESTISSEMENT,26016000983,Promouvoir la recherche et le développement dans d'autres branches d'activités dans la commune de tengrela,15000000
231,INVESTISSEMENT,26016000984,Développer les industries manufacturières dans la région de la bagoue,201408000
232,INVESTISSEMENT,26016000986,Développer l'hôtellerie et la restauration dans la Commune de Kanakono,30631000
232,INVESTISSEMENT,26016000990,Développer les transports routiers dans la Commune de Gbon,53000000
232,INVESTISSEMENT,26016000992,Développer l'hôtellerie et la restauration dans la commune de gbon,191282000
232,INVESTISSEMENT,26016000995,Développer l'hôtellerie et la restauration dans la Commune de Kolia,29000000
232,INVESTISSEMENT,26016000998,Développer les autres services généraux dans la Commune de Kasséré,180500000
232,INVESTISSEMENT,26016000999,Développer les autres services généraux dans la commune de tengrela,297000000
232,INVESTISSEMENT,26016001019,Développer l'agriculture dans la Région dans la Bagoué,120000000
232,INVESTISSEMENT,26016001025,Développer le logement dans la Région dans la Bagoué,144000000
232,INVESTISSEMENT,26016001029,Développer la lutte contre la pollution dans la commune de kassere,70000000
232,INVESTISSEMENT,26016001039,Développer la gestion des eaux usées dans la commune de kolia,59489000
232,INVESTISSEMENT,26016001050,Développer le logement dans la commune de boundiali,25000000
232,INVESTISSEMENT,26016001057,Développer l'éclairage public dans la commune de kouto,27402000
232,INVESTISSEMENT,26016001065,Développer l'alimentation en eau dans la commune de kolia,29500000
232,INVESTISSEMENT,26016001078,Développer des dispensaires et des maternités dans la Commune de Boundiali,50750000
232,INVESTISSEMENT,26016001083,Développer des services culturels dans la Commune de Kanakono,10000000
232,INVESTISSEMENT,26016001084,Développer des services récréatifs et sportifs dans la commune de kanakono,52422000
232,INVESTISSEMENT,26016001087,Développer des services récréatifs et sportifs dans la commune de kassere,20000000
232,INVESTISSEMENT,26016001091,Développer l'enseignement primaire dans la commune de kolia,49000000
232,INVESTISSEMENT,26016001095,Développer l'enseignement primaire dans la commune de kanakono,153720522
232,INVESTISSEMENT,26016001096,Développer l'enseignement préélémentaire dans la commune de kanakono,10000000
232,INVESTISSEMENT,26016001100,Développer l'enseignement préélémentaire dans la commune de boundiali,95184125
232,INVESTISSEMENT,26016001101,Développer des services culturels dans la Région dans la Bagoué,150000000
232,INVESTISSEMENT,26016001102,Développer le premier cycle dans l'enseignement sécondaire dans la Région dans la Bagoué,109914110
232,INVESTISSEMENT,26016001103,Développer le deuxième cycle de l'enseignement sécondaire dans la Région dans la Bagoué,101433000
232,INVESTISSEMENT,26016001184,Développer des services culturels dans la commune de kouto,55000000
232,INVESTISSEMENT,26016001188,Développer les transports routiers dans la Région dans la Bagoué,65000000
232,INVESTISSEMENT,26016001201,Développer les autres services généraux dans la commune de kouto,255918000
232,INVESTISSEMENT,26016001203,Développer les autres services généraux dans la commune de gbon,52000000
232,INVESTISSEMENT,26016001205,Développer l'alimentation en eau dans la commune de kanakono,40000000
232,INVESTISSEMENT,26016001218,Développer les services généraux de planification et de statistiques dans la commune de kanakono,11000000
232,INVESTISSEMENT,26016001230,Développer des dispensaires et des maternités dans la Région dans la Bagoué,761000000
232,INVESTISSEMENT,26016001237,"Développer la distribution, les entrepôts et les magasins dans la commune de kouto",27000300
232,INVESTISSEMENT,26016001241,"Développer la distribution, les entrepôts et les magasins dans la commune de gbon",46000000
233,INVESTISSEMENT,26016001255,Développer les équipements collectifs dans la commune de kolia,17000000
233,INVESTISSEMENT,26016001256,Développer l'enseignement primaire dans la Région dans la Bagoué,257337111
233,INVESTISSEMENT,26016001267,Développer l'enseignement primaire dans la Commune de Kouto,53000000
233,INVESTISSEMENT,26016001268,Développer l'enseignement primaire dans la commune de kassere,18000000
233,INVESTISSEMENT,26016001308,Développer l'enseignement préélémentaire dans la commune de kassere,7381000
233,INVESTISSEMENT,26016001326,Développer la gestion des eaux usées dans la Commune de Boundiali,164831000
233,INVESTISSEMENT,26016001336,Développer les transports routiers dans la commune de kolia,29293065
233,INVESTISSEMENT,26016001349,Développer des services récréatifs et sportifs dans la commune de kouto,48106000
233,INVESTISSEMENT,26016001350,Développer des services culturels dans la commune de kassere,46487648
233,INVESTISSEMENT,26016001398,"Développer la distribution, les entrepôts et les magasins dans la Commune de Kasséré",45000000
233,INVESTISSEMENT,26016001411,Développer les transports routiers dans la commune de kassere,103500000
233,INVESTISSEMENT,26016001418,Développer des services récréatifs et sportifs dans la commune de tengrela,49723000
233,INVESTISSEMENT,26016001423,"Développer la distribution, les entrepôts et les magasins dans la région dans la bagoue",300000000
233,INVESTISSEMENT,26016001462,Développer des dispensaires et des maternités dans la commune de kanakono,10000000
233,INVESTISSEMENT,26016001475,Développer les autres services généraux dans la Commune de kanakono,195012000
233,INVESTISSEMENT,26016001476,Développer l'éclairage public dans la commune de boundiali,153000000
233,INVESTISSEMENT,26016001500,Développer des dispensaires et des maternités dans la commune de gbon,90799850
233,INVESTISSEMENT,26016001501,Développer des dispensaires et des maternités dans la Commune de Kasséré,11000000
233,INVESTISSEMENT,26016001516,Développer l'agriculture dans la commune de kolia,29500000
233,INVESTISSEMENT,26016001518,Développer l'alimentation en eau dans la commune de tengrela,60000000
233,INVESTISSEMENT,26016001533,Développer les autres services généraux dans la commune de kolia,191000000
233,INVESTISSEMENT,26016001538,Développer des services culturels dans la commune de tengrela,46000000
233,INVESTISSEMENT,26016001540,Développer les services de police dans la commune de kanakono,14000000
233,INVESTISSEMENT,27016000636,Développer les transports routiers dans la commune de tienko,29500000
233,INVESTISSEMENT,27016000642,"Développer la distribution, les entrepôts et les magasins dans la commune de kaniasso",6500000
233,INVESTISSEMENT,27016000644,Développer l'agriculture dans la commune de goulia,29000000
233,INVESTISSEMENT,27016000646,Développer les transports routiers dans la commune de goulia,94715000
233,INVESTISSEMENT,27016000648,Développer les autres services généraux dans la commune de minignan,88516472
233,INVESTISSEMENT,27016000655,Développer les services de police dans la commune de tienko,57500000
233,INVESTISSEMENT,27016000662,Développer les transports routiers dans la Région du Folon,370000000
233,INVESTISSEMENT,27016000668,Développer les équipements collectifs dans la Région du Folon,29000000
233,INVESTISSEMENT,27016000679,Développer l'alimentation en eau dans la commune de tienko,98000000
233,INVESTISSEMENT,27016000680,Développer l'alimentation en eau dans la commune de kaniasso,17500000
234,INVESTISSEMENT,27016000682,Développer le logement dans la Commune de Goulia,12014000
234,INVESTISSEMENT,27016000690,Acquérir des appareils et du matériel thérapeutique dans la commune de tienko,50000000
234,INVESTISSEMENT,27016000697,Développer des services culturels dans la commune de minignan,8000000
234,INVESTISSEMENT,27016000698,Développer des services récréatifs et sportifs dans la commune de minignan,38000000
234,INVESTISSEMENT,27016000699,Développer l'enseignement primaire dans la Commune de Goulia,74700000
234,INVESTISSEMENT,27016000700,Développer l'enseignement préélémentaire dans la commune de kaniasso,21500000
234,INVESTISSEMENT,27016000701,Développer l'enseignement préélémentaire dans la commune de tienko,56199974
234,INVESTISSEMENT,27016000705,Développer l'enseignement primaire dans la Région du Folon,190444395
234,INVESTISSEMENT,27016000706,Développer le premier cycle dans l'enseignement secondaire dans la Région du Folon,392000000
234,INVESTISSEMENT,27016000721,Acquérir des appareils et du matériel thérapeutique dans la Région du Folon,29000000
234,INVESTISSEMENT,27016000723,Développer des dispensaires et des maternités dans la Région du Folon,80000000
234,INVESTISSEMENT,27016000737,Développer le logement dans la Commune de Kaniasso,156390000
234,INVESTISSEMENT,27016000752,Développer des dispensaires et des maternités dans la Commune de Goulia,72148000
234,INVESTISSEMENT,27016000756,"Développer la distribution, les entrepôts et les magasins dans la Commune de Minignan",107618000
234,INVESTISSEMENT,27016000761,Développer l'enseignement préélémentaire dans la commune de minignan,38200000
234,INVESTISSEMENT,27016000764,Développer les autres services généraux dans la région du folon,380000000
234,INVESTISSEMENT,27016000770,Développer les autres services généraux dans la commune de tienko,26000000
234,INVESTISSEMENT,27016000771,Développer les services généraux de planification et de statistiques dans la Région du Folon,70000000
234,INVESTISSEMENT,27016000779,Développer les services de protection civile dans la Région du Folon,40000000
234,INVESTISSEMENT,27016000798,"Développer la distribution, les entrepôts et les magasins dans la Commune de Goulia",94121000
234,INVESTISSEMENT,27016000810,Développer l'enseignement primaire dans la Commune de Minignan,64700000
234,INVESTISSEMENT,27016000812,Promouvoir la recherche et le développement concernant les services généraux des administrations publiques dans la région du folon,20000000
234,INVESTISSEMENT,27016000814,Développer des services culturels dans la commune de tienko,46000000
234,INVESTISSEMENT,27016000833,Développer les services généraux de planification et de statistiques dans la commune de minignan,29950000
234,INVESTISSEMENT,27016000854,Développer les autres services généraux dans la commune de kaniasso,202907782
234,INVESTISSEMENT,27016000860,Développer le logement dans la région du folon,80000000
234,INVESTISSEMENT,27016000868,Développer l'alimentation en eau dans la commune de goulia,107851318
234,INVESTISSEMENT,27016000874,Développer des services culturels dans la Région du Folon,193000000
234,INVESTISSEMENT,27016000889,Développer des dispensaires et des maternités dans la commune de tienko,78000000
234,INVESTISSEMENT,27016000898,Développer des services hospitaliers généraux dans la région du folon,100000000
234,INVESTISSEMENT,27016000900,Développer l'enseignement primaire dans la Commune de Tienko,29000000
234,INVESTISSEMENT,27016000952,Développer la gestion des déchets dans la commune de goulia,9271721
234,INVESTISSEMENT,27016000954,Développer l'alimentation en eau dans la Région du Folon,99000000
235,INVESTISSEMENT,27016000966,"Développer la distribution, les entrepôts et les magasins dans la Commune de Tienko",26000000
235,INVESTISSEMENT,27016001001,Développer les transports routiers dans la commune de minignan,120000000
235,INVESTISSEMENT,27016001003,Développer l'enseignement primaire dans la commune de kaniasso,9250000
235,INVESTISSEMENT,27016001272,Développer des services hospitaliers généraux dans la Commune de Kaniasso,12500000
235,INVESTISSEMENT,28016000637,Développer les autres services généraux dans la région du bounkani,639662397
235,INVESTISSEMENT,28016000642,Développer les transports routiers dans la Commune de Bouna,29500000
235,INVESTISSEMENT,28016000648,Développer les transports routiers dans la Commune de Doropo,50000000
235,INVESTISSEMENT,28016000654,Développer l'hôtellerie et la restauration dans la commune de nassian,18000000
235,INVESTISSEMENT,28016000661,Développer les autres services généraux dans la commune de nassian,95764000
235,INVESTISSEMENT,28016000676,Développer l'alimentation en eau dans la Commune de Doropo,110000000
235,INVESTISSEMENT,28016000678,Développer le logement dans la commune de nassian,20000000
235,INVESTISSEMENT,28016000679,Développer l'éclairage public dans la commune de nassian,35000000
235,INVESTISSEMENT,28016000681,Développer les équipements collectifs dans la commune de téhini,15000000
235,INVESTISSEMENT,28016000701,Développer l'enseignement primaire dans la Région du Bounkani,132000000
235,INVESTISSEMENT,28016000708,Acquérir des appareils et du matériel thérapeutique dans la commune de téhini,25000000
235,INVESTISSEMENT,28016000709,Développer des dispensaires et des maternités dans la Commune de Nassian,30000000
235,INVESTISSEMENT,28016000711,Développer des dispensaires et des maternités dans la Commune de Doropo,14500000
235,INVESTISSEMENT,28016000713,Acquérir des appareils et du matériel thérapeutique dans la commune de bouna,13000000
235,INVESTISSEMENT,28016000716,Développer des services culturels dans la commune de nassian,20452920
235,INVESTISSEMENT,28016000719,Développer des services récréatifs et sportifs dans la commune de bouna,118339895
235,INVESTISSEMENT,28016000722,Développer l'enseignement primaire dans la Commune de Nassian,70000000
235,INVESTISSEMENT,28016000725,Développer l'enseignement primaire dans la Commune de Bouna,50450000
235,INVESTISSEMENT,28016000746,Acquérir des appareils et du matériel thérapeutique dans la région du bounkani,28000000
235,INVESTISSEMENT,28016000748,Développer des dispensaires et des maternités dans la Région du BounKani,165000000
235,INVESTISSEMENT,28016000764,Développer l'alimentation en eau dans la Commune de Bouna,67500000
235,INVESTISSEMENT,28016000777,Développer les autres services généraux dans la commune de doropo,26461932
235,INVESTISSEMENT,28016000781,Développer l'enseignement préélémentaire dans la Commune de Nassian,60000000
235,INVESTISSEMENT,28016000784,"Développer la distribution, les entrepôts et les magasins dans la Commune de Téhini",129000000
235,INVESTISSEMENT,28016000785,Développer les transports routiers dans la commune de téhini,29000000
235,INVESTISSEMENT,28016000786,Développer le logement dans la Région du BounKani,190000000
235,INVESTISSEMENT,28016000789,Développer les équipements collectifs dans la Commune de Bouna,80500000
235,INVESTISSEMENT,28016000804,Développer l'alimentation en eau dans la Région du BounKani,720000000
235,INVESTISSEMENT,28016000805,Développer le logement dans la Commune de Téhini,29000000
236,INVESTISSEMENT,28016000808,Acquérir des appareils et du matériel thérapeutique dans la commune de doropo,14500000
236,INVESTISSEMENT,28016000816,"Développer la distribution, les entrepôts et les magasins dans la commune de doropo",88000000
236,INVESTISSEMENT,28016000820,Développer les équipements collectifs dans la commune de doropo,11784000
236,INVESTISSEMENT,28016000827,Développer l'enseignement primaire dans la Commune de Doropo,62000000
236,INVESTISSEMENT,28016000834,"Développer des services de radiodiffusion, de télévision et d'édition dans la commune de bouna",29300000
236,INVESTISSEMENT,28016000840,Développer l'agriculture dans la commune de téhini,56300000
236,INVESTISSEMENT,28016000854,Développer des services culturels dans la commune de téhini,57224772
236,INVESTISSEMENT,28016000861,Développer les autres services généraux dans la commune de bouna,89450000
236,INVESTISSEMENT,28016000880,Développer l'alimentation en eau dans la Commune de Nassian,64000000
236,INVESTISSEMENT,28016000894,Développer des services récréatifs et sportifs dans la commune de téhini,100000000
236,INVESTISSEMENT,28016000895,Développer des services récréatifs et sportifs dans la commune de doropo,150000000
236,INVESTISSEMENT,28016000909,Développer les industries manufacturières dans la région du bounkani,100000000
236,INVESTISSEMENT,28016000911,"Développer la distribution, les entrepôts et les magasins dans la commune de nassian",39364000
236,INVESTISSEMENT,28016000916,Développer l'enseignement préélémentaire dans la commune de téhini,29000000
236,INVESTISSEMENT,28016000969,Développer le premier cycle dans l'enseignement secondaire dans la région du bounkani,234060000
236,INVESTISSEMENT,28016000974,Développer l'enseignement préélémentaire dans la commune de bouna,58000000
236,INVESTISSEMENT,28016000983,Développer des dispensaires et des maternités dans la commune de bouna,17500000
236,INVESTISSEMENT,28016000991,Développer l'alimentation en eau dans la commune de téhini,29700000
236,INVESTISSEMENT,31016001053,Développer les autres services généraux dans la région du haut sassandra,394411721
236,INVESTISSEMENT,31016001059,Développer les transports routiers dans la commune de daloa,130156151
236,INVESTISSEMENT,31016001066,"Développer la distribution, les entrepôts et les magasins dans la commune de bédiala",27000000
236,INVESTISSEMENT,31016001074,Développer les transports routiers dans la Commune d'Issia,28000000
236,INVESTISSEMENT,31016001077,Développer les transports routiers dans la Commune de Saïoua,45165244
236,INVESTISSEMENT,31016001079,Développer l'hôtellerie et la restauration dans la commune de saïoua,41571000
236,INVESTISSEMENT,31016001087,Développer les transports routiers dans la Commune de Zoukougbeu,111487000
236,INVESTISSEMENT,31016001090,Développer les autres services généraux dans la commune de daloa,21000000
236,INVESTISSEMENT,31016001091,Développer les autres services généraux dans la commune de gboguhé,58608000
236,INVESTISSEMENT,31016001092,Développer les autres services généraux dans la commune d'issia,270000000
236,INVESTISSEMENT,31016001094,Développer les autres services généraux dans la commune de vavoua,85665000
236,INVESTISSEMENT,31016001095,Développer les autres services généraux dans la commune de zoukougbeu,40000000
236,INVESTISSEMENT,31016001097,Développer les services de police dans la région du haut sassandra,264000000
236,INVESTISSEMENT,31016001099,Développer l'agriculture dans la région du haut sassandra,184000000
236,INVESTISSEMENT,31016001111,Développer les services de police dans la commune de vavoua,36000000
237,INVESTISSEMENT,31016001119,Développer l'alimentation en eau dans la commune de bédiala,29000000
237,INVESTISSEMENT,31016001120,Développer l'éclairage public dans la Commune de Bédiala,127964000
237,INVESTISSEMENT,31016001121,Développer le logement dans la commune de gboguhé,89197000
237,INVESTISSEMENT,31016001122,Développer les équipements collectifs dans la Commune de Gboguhé,30000000
237,INVESTISSEMENT,31016001124,Développer l'éclairage public dans la Commune d'Issia,79052750
237,INVESTISSEMENT,31016001125,Développer l'alimentation en eau dans la Commune de Saïoua,150000000
237,INVESTISSEMENT,31016001126,Développer le logement dans la commune de vavoua,105000000
237,INVESTISSEMENT,31016001127,Développer les équipements collectifs dans la commune de vavoua,29000000
237,INVESTISSEMENT,31016001129,Développer les équipements collectifs dans la commune de zoukougbeu,29000000
237,INVESTISSEMENT,31016001133,Développer le logement dans la Région du Haut Sassandra,530000000
237,INVESTISSEMENT,31016001134,Développer l'alimentation en eau dans la Région du Haut Sassandra,80000000
237,INVESTISSEMENT,31016001142,Développer la gestion des eaux usées dans la commune d'issia,27000000
237,INVESTISSEMENT,31016001149,Développer les services généraux de planification et de statistiques dans la commune de saïoua,7000000
237,INVESTISSEMENT,31016001154,Développer le premier cycle dans l'enseignement sécondaire dans la Région du Haut Sassandra,285375000
237,INVESTISSEMENT,31016001155,Développer le deuxième cycle de l'enseignement secondaire dans la région du haut sassandra,32400000
237,INVESTISSEMENT,31016001161,Développer des dispensaires et des maternités dans la commune de zoukougbeu,29000000
237,INVESTISSEMENT,31016001169,Développer des dispensaires et des maternités dans la Commune de Bédiala,22000000
237,INVESTISSEMENT,31016001172,"Développer des services de radiodiffusion, de télévision et d'édition dans la commune de zoukougbeu",29000000
237,INVESTISSEMENT,31016001173,Développer des services culturels dans la commune de zoukougbeu,10000000
237,INVESTISSEMENT,31016001177,Développer des services culturels dans la commune de saïoua,18282000
237,INVESTISSEMENT,31016001178,Développer des services récréatifs et sportifs dans la Commune de Saïoua,15000000
237,INVESTISSEMENT,31016001184,Développer l'enseignement pré-élémentaire dans la Commune de Zoukougbeu,14000000
237,INVESTISSEMENT,31016001188,Développer l'enseignement primaire dans la Commune d'Issia,72500000
237,INVESTISSEMENT,31016001191,Développer l'enseignement préélémentaire dans la commune de gboguhé,29000000
237,INVESTISSEMENT,31016001193,Développer l'enseignement primaire dans la Commune de Bédiala,84000000
237,INVESTISSEMENT,31016001194,Développer l'enseignement primaire dans la Commune de Daloa,409000000
237,INVESTISSEMENT,31016001227,Développer des dispensaires et des maternités dans la Région du Haut Sassandra,550500000
237,INVESTISSEMENT,31016001272,Développer la gestion des eaux usées dans la commune de daloa,22000000
237,INVESTISSEMENT,31016001306,"Développer la distribution, les entrepôts et les magasins dans la commune d'issia",40000000
237,INVESTISSEMENT,31016001308,Développer l'éclairage public dans la Commune de Gboguhé,11894000
237,INVESTISSEMENT,31016001327,Développer l'éclairage public dans la région du haut sassandra,75000000
237,INVESTISSEMENT,31016001330,Développer l'alimentation en eau dans la commune de vavoua,98513849
237,INVESTISSEMENT,31016001331,Développer l'alimentation en eau dans la commune de zoukougbeu,30000000
238,INVESTISSEMENT,31016001341,Acquérir des appareils et du matériel thérapeutique dans la région du haut sassandra,30000000
238,INVESTISSEMENT,31016001357,"Développer la distribution, les entrepôts et les magasins dans la commune de vavoua",70000000
238,INVESTISSEMENT,31016001390,"Développer des services de radiodiffusion, de télévision et d'édition dans la commune de bédiala",12000000
238,INVESTISSEMENT,31016001394,Développer des dispensaires et des maternités dans la Commune de Vavoua,50000000
238,INVESTISSEMENT,31016001396,Développer les services de police dans la commune de daloa,49000000
238,INVESTISSEMENT,31016001409,"Développer des services de radiodiffusion, de télévision et d'édition dans la commune d'issia",20000000
238,INVESTISSEMENT,31016001433,Développer des services récréatifs et sportifs dans la commune de zoukougbeu,45000000
238,INVESTISSEMENT,31016001436,Acquérir des appareils et du matériel thérapeutique dans la commune de saïoua,23000000
238,INVESTISSEMENT,31016001439,Développer des dispensaires et des maternités dans la Commune de Daloa,120824000
238,INVESTISSEMENT,31016001446,Développer les services généraux de planification et de statistiques dans la commune de zoukougbeu,3636217
238,INVESTISSEMENT,31016001454,Développer les transports routiers dans la commune de vavoua,29000000
238,INVESTISSEMENT,31016001457,Développer l'éclairage public dans la Commune de Daloa,159187000
238,INVESTISSEMENT,31016001458,Développer l'alimentation en eau dans la Commune de Gboguhé,138836000
238,INVESTISSEMENT,31016001459,Développer les équipements collectifs dans la Commune de Saïoua,13701000
238,INVESTISSEMENT,31016001460,Développer l'éclairage public dans la Commune de Vavoua,25000000
238,INVESTISSEMENT,31016001462,Développer les services de police dans la Commune de Bédiala,81751073
238,INVESTISSEMENT,31016001477,Développer l'enseignement primaire dans la Commune de Zoukougbeu,37000000
238,INVESTISSEMENT,31016001478,Développer l'enseignement primaire dans la Commune de Saïoua,9000000
238,INVESTISSEMENT,31016001479,Développer l'enseignement primaire dans la Commune de Gboguhé,57854447
238,INVESTISSEMENT,31016001480,Développer des dispensaires et des maternités dans la Commune de Saïoua,38521000
238,INVESTISSEMENT,31016001499,Développer les autres services généraux dans la commune de bédiala,75000000
238,INVESTISSEMENT,31016001501,Développer l'alimentation en eau dans la commune d'issia,50000000
238,INVESTISSEMENT,31016001559,Développer l'éclairage public dans la Commune de Zoukougbeu,83987000
238,INVESTISSEMENT,31016001563,Développer l'enseignement primaire dans la Commune de Vavoua,20000000
238,INVESTISSEMENT,31016001587,"Développer la distribution, les entrepôts et les magasins dans la commune de saïoua",37500000
238,INVESTISSEMENT,31016001597,Développer l'éclairage public dans la Commune de Saïoua,25500000
238,INVESTISSEMENT,31016001622,Acquérir des appareils et du matériel thérapeutique dans la commune de vavoua,29000000
238,INVESTISSEMENT,31016001623,Acquérir des appareils et du matériel thérapeutique dans la commune de daloa,121040000
238,INVESTISSEMENT,31016001633,Développer les transports routiers dans la Commune de Gboguhé,20000000
238,INVESTISSEMENT,31016001637,Développer les autres services généraux dans la Commune de Saïoua,106500000
238,INVESTISSEMENT,31016001660,Développer la préservation de la diversité biologique et la protection de la nature dans la commune de gboguhé,10000000
238,INVESTISSEMENT,31016001662,Développer l'enseignement primaire dans la Région du Haut Sassandra,218300000
238,INVESTISSEMENT,32016000791,Développer les transports routiers dans la Commune de Gagnoa,127000000
239,INVESTISSEMENT,32016000797,Développer les autres services généraux dans la commune de Gagnoa,359191466
239,INVESTISSEMENT,32016000798,Développer les autres services généraux dans la Commune de Guiberoua,183407000
239,INVESTISSEMENT,32016000805,Développer les transports routiers dans la Commune d'Oumé,64129000
239,INVESTISSEMENT,32016000811,Promouvoir la recherche et le développement dans le domaine des transports dans la commune de ouragahio,10000000
239,INVESTISSEMENT,32016000824,Développer les équipements collectifs dans la Commune de Gagnoa,135783000
239,INVESTISSEMENT,32016000825,Développer les équipements collectifs dans la commune de guiberoua,116000000
239,INVESTISSEMENT,32016000827,Développer le logement dans la commune d'oume,54800000
239,INVESTISSEMENT,32016000828,Développer l'éclairage public dans la commune d'oume,29740000
239,INVESTISSEMENT,32016000830,Développer les équipements collectifs dans la commune de ouragahio,15000000
239,INVESTISSEMENT,32016000834,Développer l'alimentation en eau dans la Région du Goh,190000000
239,INVESTISSEMENT,32016000836,Développer les services généraux de planification et de statistiques dans la commune de diegonefla,25000276
239,INVESTISSEMENT,32016000852,Développer l'enseignement primaire dans la Région du Goh,150701731
239,INVESTISSEMENT,32016000862,Acquérir des appareils et du matériel thérapeutique dans la commune de guiberoua,9569716
239,INVESTISSEMENT,32016000868,Développer des services culturels dans la Commune de Ouragahio,14800000
239,INVESTISSEMENT,32016000872,Développer des services culturels dans la commune de guiberoua,6415000
239,INVESTISSEMENT,32016000874,Développer des services récréatifs et sportifs dans la commune de Gagnoa,10000000
239,INVESTISSEMENT,32016000877,Développer l'enseignement primaire dans la Commune de Ouragahio,123000381
239,INVESTISSEMENT,32016000880,Développer l'enseignement pré-élémentaire dans la Commune de Gagnoa,70000000
239,INVESTISSEMENT,32016000881,Développer l'enseignement primaire dans la Commune de Diégonéfla,17000000
239,INVESTISSEMENT,32016000916,Développer les transports routiers dans la Commune de Diégonéfla,58000000
239,INVESTISSEMENT,32016000932,Développer l'enseignement préélémentaire dans la commune de ouragahio,60000000
239,INVESTISSEMENT,32016000948,Développer le premier cycle dans l'enseignement secondaire dans la Région du Goh,220000000
239,INVESTISSEMENT,32016000960,Développer les autres services généraux dans la commune de diegonefla,95736000
239,INVESTISSEMENT,32016000981,Promouvoir la recherche et le développement dans d'autres branches d'activités dans la commune de Gagnoa,38485000
239,INVESTISSEMENT,32016000984,"Développer la distribution, les entrepôts et les magasins dans la Commune d'Oumé",100000000
239,INVESTISSEMENT,32016000988,Promouvoir la recherche et le développement dans le domaine du logement et des équipements collectifs dans la commune d'oume,53450000
239,INVESTISSEMENT,32016000999,Acquérir des appareils et du matériel thérapeutique dans la région du goh,300000000
239,INVESTISSEMENT,32016001006,Développer des services récréatifs et sportifs dans la région du goh,45000000
239,INVESTISSEMENT,32016001013,Développer des dispensaires et des maternités dans la Commune de Ouragahio,48000000
239,INVESTISSEMENT,32016001014,"Développer la distribution, les entrepôts et les magasins dans la Commune de Diégonéfla",90033000
239,INVESTISSEMENT,32016001023,Développer l'enseignement primaire dans la Commune de Guibéroua,41700000
239,INVESTISSEMENT,32016001042,Développer l'enseignement primaire dans la Commune d'Oumé,69882455
239,INVESTISSEMENT,32016001060,Développer les autres services généraux dans la commune d'oume,136173000
240,INVESTISSEMENT,32016001061,Développer les autres services généraux dans la région du goh,100000000
240,INVESTISSEMENT,32016001074,Développer l'alimentation en eau dans la commune de diegonefla,61527000
240,INVESTISSEMENT,32016001087,Développer des dispensaires et des maternités dans la Région du Goh,100000000
240,INVESTISSEMENT,32016001094,Développer l'enseignement primaire dans la Commune de Gagnoa,45000000
240,INVESTISSEMENT,32016001153,Développer l'éclairage public dans la Commune de Diégonéfla,148297000
240,INVESTISSEMENT,32016001191,Développer l'éclairage public dans la Commune de Ouragahio,135577000
240,INVESTISSEMENT,32016001198,Développer les transports routiers dans la commune de guiberoua,120208000
240,INVESTISSEMENT,32016001199,Développer l'éclairage public dans la région du goh,266000000
240,INVESTISSEMENT,32016001200,Développer les autres services généraux dans la commune de ouragahio,70583000
240,INVESTISSEMENT,32016001213,Développer les équipements collectifs dans la région du goh,50000000
240,INVESTISSEMENT,32016001246,Développer l'alimentation en eau dans la commune d'oume,15668000
240,INVESTISSEMENT,32016001252,Développer les transports routiers dans la Région du Goh,897890000
240,INVESTISSEMENT,32016001459,Développer les services de Police dans la Commune de Gagnoa,12000000
240,INVESTISSEMENT,35016000740,Développer les autres services généraux dans la commune de sinfra,154000000
240,INVESTISSEMENT,35016000745,Développer les transports routiers dans la Commune de Bouaflé,174000000
240,INVESTISSEMENT,35016000746,"Développer la distribution, les entrepôts et les magasins dans la commune de bouafle",65000000
240,INVESTISSEMENT,35016000748,Promouvoir la recherche et le développement dans d'autres branches d'activités dans la commune de bouafle,15000000
240,INVESTISSEMENT,35016000753,Développer les transports routiers dans la commune de sinfra,125000000
240,INVESTISSEMENT,35016000757,Développer l'agriculture dans la Région dans la Marahoue,150000000
240,INVESTISSEMENT,35016000763,Développer les transports routiers dans la commune de gohitafla,28930000
240,INVESTISSEMENT,35016000768,"Développer la distribution, les entrepôts et les magasins dans la Commune de Zuénoula",44732000
240,INVESTISSEMENT,35016000778,Développer les services de police dans la commune de gohitafla,8500000
240,INVESTISSEMENT,35016000782,Développer la gestion des déchets dans la région dans la marahoue,20000000
240,INVESTISSEMENT,35016000783,Développer l'éclairage public dans la Commune de Bouaflé,90000000
240,INVESTISSEMENT,35016000785,Développer l'éclairage public dans la Commune de Bonon,76000000
240,INVESTISSEMENT,35016000788,Développer l'éclairage public dans la Commune de Sinfra,92672000
240,INVESTISSEMENT,35016000790,Développer l'alimentation en eau dans la commune de gohitafla,55100000
240,INVESTISSEMENT,35016000793,Développer l'alimentation en eau dans la Commune de Zuénoula,23000000
240,INVESTISSEMENT,35016000794,Développer l'éclairage public dans la Commune de Zuénoula,82000000
240,INVESTISSEMENT,35016000797,Promouvoir la recherche et le développement dans le domaine de la protection de l'environnement dans la région dans la marahoue,50000000
240,INVESTISSEMENT,35016000798,Développer les équipements collectifs dans la région dans la marahoue,120000000
240,INVESTISSEMENT,35016000799,Développer l'éclairage public dans la Région dans la Marahoué,213000000
240,INVESTISSEMENT,35016000802,Développer la gestion des eaux usées dans la Commune de Bouaflé,174000000
241,INVESTISSEMENT,35016000813,Développer le premier cycle dans l'enseignement secondaire dans la région dans la marahoue,181000000
241,INVESTISSEMENT,35016000815,Développer des dispensaires et des maternités dans la Commune de Zuénoula,98000000
241,INVESTISSEMENT,35016000817,Développer des dispensaires et des maternités dans la commune de gohitafla,118584000
241,INVESTISSEMENT,35016000819,Développer des dispensaires et des maternités dans la Commune de Bonon,51000000
241,INVESTISSEMENT,35016000827,Développer des services récréatifs et sportifs dans la commune de bonon,70000000
241,INVESTISSEMENT,35016000830,Développer l'enseignement primaire dans la commune de zuenoula,93000000
241,INVESTISSEMENT,35016000831,Développer l'enseignement préélémentaire dans la commune de zuenoula,15500000
241,INVESTISSEMENT,35016000833,Développer l'enseignement préélémentaire dans la commune de sinfra,35000000
241,INVESTISSEMENT,35016000835,Développer l'enseignement primaire dans la Commune de Bonon,29000000
241,INVESTISSEMENT,35016000837,Développer l'enseignement préélémentaire dans la commune de bouafle,31732212
241,INVESTISSEMENT,35016000855,Acquérir des appareils et du matériel thérapeutique dans la région dans la marahoue,39000000
241,INVESTISSEMENT,35016000856,Développer des services hospitaliers généraux dans la région dans la marahoue,70000000
241,INVESTISSEMENT,35016000872,Développer l'alimentation en eau dans la Région dans la Marahoué,240000000
241,INVESTISSEMENT,35016000876,Promouvoir la recherche et le développement dans le domaine de la sante dans la région dans la marahoue,50000000
241,INVESTISSEMENT,35016000895,"Développer la distribution, les entrepôts et les magasins dans la Région dans la Marahoué",171300000
241,INVESTISSEMENT,35016000898,Développer les autres services généraux dans la Région de la Marahoué,120000000
241,INVESTISSEMENT,35016000901,Développer les autres services généraux dans la commune de bonon,80901000
241,INVESTISSEMENT,35016000904,Développer les autres services généraux dans la commune de zuenoula,25000000
241,INVESTISSEMENT,35016000913,Développer les services généraux de planification et de statistiques dans la commune de gohitafla,29804000
241,INVESTISSEMENT,35016000917,Développer les transports routiers dans la Commune de Bonon,188547048
241,INVESTISSEMENT,35016000922,Développer l'hôtellerie et la restauration dans la commune de zuenoula,29000000
241,INVESTISSEMENT,35016000945,Développer l'enseignement primaire dans la Région dans la Marahoue,438142867
241,INVESTISSEMENT,35016000965,"Développer la distribution, les entrepôts et les magasins dans la Commune de Gohitafla",144029796
241,INVESTISSEMENT,35016000970,Développer des services culturels dans la Commune de Bouaflé,30000000
241,INVESTISSEMENT,35016000985,Promouvoir la recherche et le développement dans le domaine de l'enseignement dans la région dans la marahoue,50000000
241,INVESTISSEMENT,35016000987,Développer le logement dans le cadre de la protection sociale dans la région dans la marahoue,20000000
241,INVESTISSEMENT,35016000991,"Promouvoir la recherche et le développement dans le domaine de l'agriculture, la sylviculture, la pêche et la chasse dans la région dan",25000000
241,INVESTISSEMENT,35016001001,"Développer la distribution, les entrepôts et les magasins dans la commune de bonon",118782000
241,INVESTISSEMENT,35016001013,Développer l'enseignement primaire dans la Commune de Gohitafla,29987000
241,INVESTISSEMENT,35016001030,Développer les transports routiers dans la Commune de Zuénoula,44592092
241,INVESTISSEMENT,35016001031,"Promouvoir la recherche et le développement dans le domaine des loisirs, de la culture et du culte dans la région dans la marahoue",20000000
241,INVESTISSEMENT,35016001040,Développer le logement dans la Région dans la Marahoué,36000000
241,INVESTISSEMENT,35016001042,Développer les services de protection civile dans la commune de zuenoula,19000000
242,INVESTISSEMENT,35016001045,Développer les services de protection civile dans la région dans la marahoue,30000000
242,INVESTISSEMENT,35016001047,Développer des dispensaires et des maternités dans la région dans la marahoue,70000000
242,INVESTISSEMENT,35016001051,Développer les équipements collectifs dans la commune de bouafle,24000000
242,INVESTISSEMENT,35016001061,Développer des services culturels dans la Commune de Gohitafla,6300000
242,INVESTISSEMENT,35016001087,Développer les équipements collectifs dans la commune de zuenoula,18012000
242,INVESTISSEMENT,35016001111,Développer les transports routiers dans la Région dans la Marahoue,40000000
242,INVESTISSEMENT,35016001112,Promouvoir la recherche et le développement dans d'autres branches d'activités dans la commune de gohitafla,10000000
242,INVESTISSEMENT,35016001114,Développer l'enseignement primaire dans la Commune de Sinfra,63000000
242,INVESTISSEMENT,35016001116,Développer des services culturels dans la Région dans la Marahoué,106000000
242,INVESTISSEMENT,35016001138,Développer des services récréatifs et sportifs dans la Commune de Sinfra,111459433
242,INVESTISSEMENT,35016001172,Développer le deuxième cycle de l'enseignement sécondaire dans la Région dans la Marahoué,86030000
242,INVESTISSEMENT,35016001176,Développer l'enseignement préélémentaire dans la Commune de Gohitafla,6000000
242,INVESTISSEMENT,35016001565,"Développer des services de radiodiffusion, de télévision et d'édition",25300000
242,INVESTISSEMENT,36016000986,Développer les autres services généraux dans la région du worodougou,35000000
242,INVESTISSEMENT,36016000990,Développer les services de police dans la commune de morondo,25000000
242,INVESTISSEMENT,36016000994,Développer les autres services généraux dans la Commune de Djibrosso,140781000
242,INVESTISSEMENT,36016000999,Développer les transports routiers dans la Commune de Kani,59261134
242,INVESTISSEMENT,36016001000,"Développer la distribution, les entrepôts et les magasins dans la commune de kani",65000499
242,INVESTISSEMENT,36016001001,Développer l'hôtellerie et la restauration dans la commune de kani,60000000
242,INVESTISSEMENT,36016001008,"Développer la distribution, les entrepôts et les magasins dans la commune de morondo",28000000
242,INVESTISSEMENT,36016001009,Développer l'hôtellerie et la restauration dans la commune de morondo,90000000
242,INVESTISSEMENT,36016001011,Développer l'agriculture dans la Commune de Sifié,60241000
242,INVESTISSEMENT,36016001014,"Développer la distribution, les entrepôts et les magasins dans la Commune de Sifié",57177000
242,INVESTISSEMENT,36016001020,"Développer la distribution, les entrepôts et les magasins dans la Commune de Worofla",29500000
242,INVESTISSEMENT,36016001023,Développer l'hôtellerie et la restauration dans la commune de worofla,45000000
242,INVESTISSEMENT,36016001036,Développer les transports routiers dans la commune de dualla,14000000
242,INVESTISSEMENT,36016001044,Développer les services de police dans la commune de djibrosso,24989000
242,INVESTISSEMENT,36016001045,Développer le logement dans la commune de djibrosso,34567373
242,INVESTISSEMENT,36016001046,Développer l'éclairage public dans la Commune de Djibrosso,15000000
242,INVESTISSEMENT,36016001047,Développer le logement dans la commune de dualla,189409854
242,INVESTISSEMENT,36016001049,Développer le logement dans la commune de kani,40000000
242,INVESTISSEMENT,36016001050,Développer l'éclairage public dans la Commune de Kani,44024866
242,INVESTISSEMENT,36016001053,Développer les équipements collectifs dans la Commune de Sifié,73000094
243,INVESTISSEMENT,36016001054,Développer l'alimentation en eau dans la Commune de Sifié,12612000
243,INVESTISSEMENT,36016001057,Développer les équipements collectifs dans la commune de worofla,12700000
243,INVESTISSEMENT,36016001059,Développer le logement dans la région du worodougou,80000000
243,INVESTISSEMENT,36016001061,Développer l'alimentation en eau dans la Région du Worodougou,380000000
243,INVESTISSEMENT,36016001064,Développer la gestion des eaux usées dans la commune de djibrosso,24000000
243,INVESTISSEMENT,36016001080,Développer l'enseignement primaire dans la Région du Worodougou,540000000
243,INVESTISSEMENT,36016001081,Développer le premier cycle dans l'enseignement secondaire dans la Région du Worodougou,210000000
243,INVESTISSEMENT,36016001087,Développer des dispensaires et des maternités dans la Commune de Sifié,18000000
243,INVESTISSEMENT,36016001089,Acquérir des appareils et du matériel thérapeutique dans la Commune de Morondo,26000000
243,INVESTISSEMENT,36016001097,Développer des services culturels dans la commune de worofla,15000000
243,INVESTISSEMENT,36016001105,Développer des services culturels dans la Commune de Dualla,10000000
243,INVESTISSEMENT,36016001112,Développer l'enseignement primaire dans la Commune de kani,100924000
243,INVESTISSEMENT,36016001114,Développer l'enseignement préélémentaire dans la commune de dualla,6000000
243,INVESTISSEMENT,36016001143,Développer des services hospitaliers spécialisés dans la Région du Worodougou,82500000
243,INVESTISSEMENT,36016001187,Développer le logement dans la commune de sifie,50000000
243,INVESTISSEMENT,36016001188,Développer l'enseignement primaire dans la Commune de Djibrosso,39211000
243,INVESTISSEMENT,36016001195,Développer des dispensaires et des maternités dans la Commune de Morondo,18000000
243,INVESTISSEMENT,36016001196,Développer l'hôtellerie et la restauration dans la commune de djibrosso,46000000
243,INVESTISSEMENT,36016001207,Développer l'enseignement préélémentaire dans la commune de sifie,30000000
243,INVESTISSEMENT,36016001219,Développer les autres services généraux dans la Commune de Morondo,169598645
243,INVESTISSEMENT,36016001232,Développer les services généraux de planification et de statistiques dans la commune de sifie,23000000
243,INVESTISSEMENT,36016001234,Développer les équipements collectifs dans la commune de kani,32000000
243,INVESTISSEMENT,36016001241,"Développer la distribution, les entrepôts et les magasins dans la Commune de Dualla",27000000
243,INVESTISSEMENT,36016001246,Développer les transports routiers dans la commune de morondo,28000000
243,INVESTISSEMENT,36016001248,Développer l'hôtellerie et la restauration dans la Commune de Sifié,79447000
243,INVESTISSEMENT,36016001252,Développer le logement dans la commune de worofla,135000000
243,INVESTISSEMENT,36016001255,Développer des dispensaires et des maternités dans la Région du Worodougou,617026567
243,INVESTISSEMENT,36016001278,Développer des dispensaires et des maternités dans la Commune de Worofla,40023318
243,INVESTISSEMENT,36016001319,Développer des services récréatifs et sportifs dans la commune de worofla,18000000
243,INVESTISSEMENT,36016001327,Développer les services généraux de planification et de statistiques dans la commune de morondo,10000000
243,INVESTISSEMENT,36016001332,Développer les autres services généraux dans la Commune de Dualla,8000000
243,INVESTISSEMENT,36016001338,Développer les services de police dans la région du worodougou,70000000
243,INVESTISSEMENT,36016001347,Développer les transports routiers dans la Commune de Djibrosso,56000000
244,INVESTISSEMENT,36016001352,Développer l'alimentation en eau dans la commune de djibrosso,20000000
244,INVESTISSEMENT,36016001353,Développer le logement dans la commune de morondo,28000000
244,INVESTISSEMENT,36016001354,Développer l'éclairage public dans la Commune de Sifié,19500000
244,INVESTISSEMENT,36016001355,Développer l'alimentation en eau dans la commune de worofla,29000000
244,INVESTISSEMENT,36016001378,Développer des dispensaires et des maternités dans la Commune de Dualla,51252000
244,INVESTISSEMENT,36016001381,Développer le logement dans le cadre de la protection sociale dans la commune de djibrosso,22000000
244,INVESTISSEMENT,36016001404,Développer le deuxième cycle de l'enseignement sécondaire dans la Région du Worodougou,83000000
244,INVESTISSEMENT,36016001427,Acquérir des appareils et du matériel thérapeutique dans la commune de worofla,45000000
244,INVESTISSEMENT,36016001491,Développer l'agriculture dans la commune de dualla,10000000
244,INVESTISSEMENT,36016001508,Développer l'hôtellerie et la restauration dans la commune de dualla,30000000
244,INVESTISSEMENT,36016001509,Provision pour investissement de la commune de massala,426773003
244,INVESTISSEMENT,36016001511,Développer l'enseignement primaire dans la Commune de Worofla,8995000
244,INVESTISSEMENT,36016001512,Développer l'enseignement primaire dans la Commune de Dualla,8000000
244,INVESTISSEMENT,36016001536,Développer l'alimentation en eau dans la Commune de kani,50000000
244,INVESTISSEMENT,36016001544,Développer l'éclairage public dans la commune de dualla,29500000
244,INVESTISSEMENT,36016001560,Développer l'alimentation en eau dans la Commune de Dualla,29000000
244,INVESTISSEMENT,36016001862,Développer les autres services généraux dans la Commune de Sifié,13000000
244,INVESTISSEMENT,36016001998,Promouvoir la recherche et le développement concernant les services généraux des administrations publiques dans la commune de Sif,15000000
244,INVESTISSEMENT,36092100030,Développer les autres services généraux dans la commune de Worofla,50000000
244,INVESTISSEMENT,37016000838,"Développer la distribution, les entrepôts et les magasins dans la Commune de Kongasso",109978000
244,INVESTISSEMENT,37016000839,Développer l'hôtellerie et la restauration dans la commune de kongasso,29000000
244,INVESTISSEMENT,37016000853,Développer l'hôtellerie et la restauration dans la commune de tiéningboué,10000000
244,INVESTISSEMENT,37016000860,"Développer la distribution, les entrepôts et les magasins dans la Commune de Kounahiri",54092000
244,INVESTISSEMENT,37016000864,Développer les transports routiers dans la Région du Béré,140990000
244,INVESTISSEMENT,37016000867,Promouvoir la recherche et le développement dans d'autres branches d'activités dans la région du bere,28500000
244,INVESTISSEMENT,37016000868,Développer les services généraux de planification et de statistiques dans la commune de sarhala,20000000
244,INVESTISSEMENT,37016000874,Développer le logement dans la commune de mankono,1862000
244,INVESTISSEMENT,37016000876,Développer le logement dans la commune de sarhala,60000000
244,INVESTISSEMENT,37016000877,Développer l'éclairage public dans la Commune de Sarhala,39000000
244,INVESTISSEMENT,37016000879,Développer l'alimentation en eau dans la commune de tiéningboué,8000000
244,INVESTISSEMENT,37016000881,Développer l'alimentation en eau dans la Commune de Dianra,46000000
244,INVESTISSEMENT,37016000882,Développer l'éclairage public dans la Commune de Dianra,51000000
244,INVESTISSEMENT,37016000883,Développer le logement dans la commune de kounahiri,87051000
245,INVESTISSEMENT,37016000885,Développer l'alimentation en eau dans la Commune de Kounahiri,79508000
245,INVESTISSEMENT,37016000887,Développer l'alimentation en eau dans la Région du Béré,79194406
245,INVESTISSEMENT,37016000888,Développer l'éclairage public dans la région du bere,29500000
245,INVESTISSEMENT,37016000898,Développer la gestion des déchets dans la commune de kounahiri,15000000
245,INVESTISSEMENT,37016000906,Développer des dispensaires et des maternités dans la commune de dianra,64000000
245,INVESTISSEMENT,37016000908,Développer des dispensaires et des maternités dans la Commune de Tiéningboué,24922000
245,INVESTISSEMENT,37016000918,Développer des services récréatifs et sportifs dans la commune de kounahiri,15000000
245,INVESTISSEMENT,37016000920,Développer des services culturels dans la commune de dianra,49557408
245,INVESTISSEMENT,37016000921,Développer des services récréatifs et sportifs dans la commune de tiéningboué,29950000
245,INVESTISSEMENT,37016000922,Développer des services culturels dans la Commune de Sarhala,100144000
245,INVESTISSEMENT,37016000927,Développer l'enseignement primaire dans la Commune de Kongasso,97000000
245,INVESTISSEMENT,37016000931,Développer l'enseignement primaire dans la Commune de Dianra,120000000
245,INVESTISSEMENT,37016000933,Développer l'enseignement primaire dans la Commune de Tiéningboué,63000000
245,INVESTISSEMENT,37016000939,Acquérir des appareils et du matériel thérapeutique dans la Région du Béré,28821000
245,INVESTISSEMENT,37016001008,Développer des services hospitaliers généraux dans la région du bere,82260000
245,INVESTISSEMENT,37016001009,"Développer la distribution, les entrepôts et les magasins dans la Commune de Mankono",26676159
245,INVESTISSEMENT,37016001012,Développer la pêche dans la commune de sarhala,30000000
245,INVESTISSEMENT,37016001014,Développer des services culturels dans la Commune de Kongasso,38000000
245,INVESTISSEMENT,37016001021,Développer les transports routiers dans la commune de dianra,30000000
245,INVESTISSEMENT,37016001025,Développer le logement dans la région du bere,108522000
245,INVESTISSEMENT,37016001041,Développer les services généraux de planification et de statistiques dans la commune de kongasso,20000000
245,INVESTISSEMENT,37016001047,Développer l'éclairage public dans la commune de mankono,40000000
245,INVESTISSEMENT,37016001056,"Développer la distribution, les entrepôts et les magasins dans la Commune de Dianra",59000000
245,INVESTISSEMENT,37016001057,Développer les transports routiers dans la Commune de Kounahiri,68370000
245,INVESTISSEMENT,37016001060,Développer les transports routiers dans la commune de kongasso,41000000
245,INVESTISSEMENT,37016001066,Développer des dispensaires et des maternités dans la Région du Béré,339029000
245,INVESTISSEMENT,37016001079,Développer des dispensaires et des maternités dans la commune de sarhala,30000000
245,INVESTISSEMENT,37016001081,Développer la gestion des déchets dans la commune de mankono,38000000
245,INVESTISSEMENT,37016001092,Promouvoir la recherche et le développement dans le domaine de la protection sociale dans la région du bere,20000000
245,INVESTISSEMENT,37016001095,Développer l'enseignement non défini par niveau dans la commune de kongasso,27000000
245,INVESTISSEMENT,37016001119,Développer l'alimentation en eau dans la commune de kongasso,26000000
245,INVESTISSEMENT,37016001123,Développer l'enseignement primaire dans la commune de sarhala,66630300
245,INVESTISSEMENT,37016001128,Développer les transports routiers dans la commune de sarhala,20000000
246,INVESTISSEMENT,37016001132,Développer les équipements collectifs dans la Région du Béré,80000000
246,INVESTISSEMENT,37016001136,Développer les services généraux de planification et de statistiques dans la Région du Béré,25000000
246,INVESTISSEMENT,37016001139,Développer l'alimentation en eau dans la commune de sarhala,30428000
246,INVESTISSEMENT,37016001151,Développer la gestion des déchets dans la commune de tiéningboué,20000000
246,INVESTISSEMENT,37016001159,Développer l'enseignement préélémentaire dans la Commune de Tiéningboué,49000000
246,INVESTISSEMENT,37016001160,Développer l'enseignement primaire dans la Commune de Mankono,168000000
246,INVESTISSEMENT,37016001215,Développer des dispensaires et des maternités dans la Commune de Mankono,124000000
246,INVESTISSEMENT,37016001218,Développer le premier cycle dans l'enseignement sécondaire dans la Région du Béré,226265000
246,INVESTISSEMENT,37016001240,Développer le logement dans la commune de tiéningboué,95000000
246,INVESTISSEMENT,37016001247,Développer l'enseignement primaire dans la Région du Béré,359415000
246,INVESTISSEMENT,37016001252,Développer l'enseignement non défini par niveau dans la commune de dianra,40000000
246,INVESTISSEMENT,37016001255,Développer le deuxième cycle de l'enseignement secondaire dans la région du bere,9498000
246,INVESTISSEMENT,37016001261,"Développer la distribution, les entrepôts et les magasins dans la commune de tiéningboué",58500000
246,INVESTISSEMENT,37016001270,Développer des services culturels dans la commune de tiéningboué,40000000
246,INVESTISSEMENT,37016001295,Développer l'éclairage public dans la commune de kounahiri,72000000
246,INVESTISSEMENT,37016001306,Développer les autres services généraux dans la Région du Béré,492304000
246,INVESTISSEMENT,37016001309,Développer des services culturels dans la Région du Béré,39119000
246,INVESTISSEMENT,37016001310,Acquérir des appareils et du matériel thérapeutique dans la commune de kongasso,9581740
246,INVESTISSEMENT,37016001319,Développer les autres Services Généraux de la Commune de Sarhala,35000000
246,INVESTISSEMENT,37016001378,Développer les autres services généraux de Mankono,85200000
246,INVESTISSEMENT,37016001474,Développer les autres services généraux dans la Commune de Tiéningboue,39092734
246,INVESTISSEMENT,37016001557,Développer les autres services généraux dans la Commune de Kounahiri,52059816
246,INVESTISSEMENT,37016001558,Développer les autres services généraux dans la Commune de Kongasso,37000000
246,INVESTISSEMENT,37016001560,Développer l'agriculture dans la région du Béré,25660000
246,INVESTISSEMENT,41016001161,Développer les transports routiers dans la Commune de Biankouma,106934000
246,INVESTISSEMENT,41016001170,Développer les transports routiers dans la commune de danane,40386000
246,INVESTISSEMENT,41016001182,Développer les transports routiers dans la commune de logouale,29818000
246,INVESTISSEMENT,41016001184,Développer l'hôtellerie et la restauration dans la commune de logouale,19000000
246,INVESTISSEMENT,41016001195,Développer l'hôtellerie et la restauration dans la commune de sipilou,55000000
246,INVESTISSEMENT,41016001201,"Développer la distribution, les entrepôts et les magasins dans la commune de zouan-hounien",145683000
246,INVESTISSEMENT,41016001205,Développer les services généraux de planification et de statistiques dans la commune de sipilou,21100000
246,INVESTISSEMENT,41016001213,Développer les équipements collectifs dans la commune de biankouma,41000000
246,INVESTISSEMENT,41016001217,Développer l'alimentation en eau dans la Commune de Danané,33565824
247,INVESTISSEMENT,41016001218,Développer l'alimentation en eau dans la commune de gbonne,41606202
247,INVESTISSEMENT,41016001219,Développer l'alimentation en eau dans la commune de logouale,25000000
247,INVESTISSEMENT,41016001222,Développer l'alimentation en eau dans la commune de sangouine,30000000
247,INVESTISSEMENT,41016001223,Développer le logement dans la commune de sipilou,20000000
247,INVESTISSEMENT,41016001224,Développer l'alimentation en eau dans la commune de sipilou,75027000
247,INVESTISSEMENT,41016001229,Développer le logement dans la Région du Tonkpi,184000000
247,INVESTISSEMENT,41016001236,Développer la gestion des déchets dans la commune de gbonne,10000000
247,INVESTISSEMENT,41016001248,Développer le premier cycle dans l'enseignement sécondaire dans la Région du Tonkpi,892647709
247,INVESTISSEMENT,41016001254,Développer des dispensaires et des maternités dans la Commune de Sangouine,90000000
247,INVESTISSEMENT,41016001256,Développer des dispensaires et des maternités dans la Commune de Man,45000000
247,INVESTISSEMENT,41016001259,Développer des dispensaires et des maternités dans la commune de gbonne,10000000
247,INVESTISSEMENT,41016001263,Développer des dispensaires et des maternités dans la Commune de Bin-Houye,130781804
247,INVESTISSEMENT,41016001277,Développer des services culturels dans la Commune de Man,44253000
247,INVESTISSEMENT,41016001278,Développer des services récréatifs et sportifs dans la commune de man,59500076
247,INVESTISSEMENT,41016001279,Développer des services récréatifs et sportifs dans la Commune de Logoualé,49000000
247,INVESTISSEMENT,41016001281,Développer des services récréatifs et sportifs dans la Commune de Gbonné,28000000
247,INVESTISSEMENT,41016001284,Développer des services récréatifs et sportifs dans la Commune de Biankouma,9800000
247,INVESTISSEMENT,41016001286,Développer l'enseignement primaire dans la Commune de Zouan-hounien,360000000
247,INVESTISSEMENT,41016001287,Développer l'enseignement primaire dans la Commune de Sipilou,98000000
247,INVESTISSEMENT,41016001290,Développer l'enseignement primaire dans la Commune de Logoualé,102000000
247,INVESTISSEMENT,41016001293,Développer l'enseignement primaire dans la Commune de Bin-houye,152162000
247,INVESTISSEMENT,41016001296,Développer l'enseignement préélémentaire dans la commune de biankouma,7000035
247,INVESTISSEMENT,41016001298,Développer des dispensaires et des maternités dans la Région du Tonkpi,276000000
247,INVESTISSEMENT,41016001299,Développer des services culturels dans la Région du Tonkpi,225000000
247,INVESTISSEMENT,41016001399,Développer l'éclairage public dans la commune de man,5000000
247,INVESTISSEMENT,41016001406,"Développer la distribution, les entrepôts et les magasins dans la Commune de Bin-Houye",60000000
247,INVESTISSEMENT,41016001420,Développer les équipements collectifs dans la Commune de Man,55000000
247,INVESTISSEMENT,41016001424,Développer les services généraux de planification et de statistiques dans la commune de man,5000000
247,INVESTISSEMENT,41016001435,Développer les équipements collectifs dans la commune de danane,20000000
247,INVESTISSEMENT,41016001436,Développer le logement dans la commune de gbonne,14000000
247,INVESTISSEMENT,41016001437,Développer l'éclairage public dans la commune de gbonne,90000000
247,INVESTISSEMENT,41016001444,"Développer la distribution, les entrepôts et les magasins dans la commune de danane",40000000
247,INVESTISSEMENT,41016001452,"Développer des services de radiodiffusion, de télévision et d'édition dans la commune de biankouma",9800000
248,INVESTISSEMENT,41016001454,Développer les transports routiers dans la Commune de Gbonné,98000000
248,INVESTISSEMENT,41016001456,Développer des services récréatifs et sportifs dans la région du tonkpi,30000000
248,INVESTISSEMENT,41016001461,"Développer la distribution, les entrepôts et les magasins dans la Commune de Man",67428000
248,INVESTISSEMENT,41016001465,"Développer la distribution, les entrepôts et les magasins dans la Commune de Sipilou",80478000
248,INVESTISSEMENT,41016001469,Développer des dispensaires et des maternités dans la Commune de Biankouma,56000000
248,INVESTISSEMENT,41016001473,Développer les services de police dans la commune de man,24000000
248,INVESTISSEMENT,41016001519,Développer l'enseignement primaire dans la Commune de Man,83000000
248,INVESTISSEMENT,41016001534,Développer des services culturels dans la Commune de Logoualé,47000000
248,INVESTISSEMENT,41016001536,Développer les transports routiers dans la Commune de Sangouine,80000000
248,INVESTISSEMENT,41016001544,Développer les autres services généraux dans la Région du Tonkpi,222000000
248,INVESTISSEMENT,41016001546,Développer l'enseignement préélémentaire dans la commune de man,15000000
248,INVESTISSEMENT,41016001551,Développer l'enseignement primaire dans la Région du Tonkpi,664000000
248,INVESTISSEMENT,41016001571,Développer les transports routiers dans la commune de man,91308000
248,INVESTISSEMENT,41016001579,Développer les équipements collectifs dans la Commune de Gbonné,14000000
248,INVESTISSEMENT,41016001580,Développer l'éclairage public dans la Commune de Logoualé,25000000
248,INVESTISSEMENT,41016001581,Développer le logement dans la commune de sangouine,78030544
248,INVESTISSEMENT,41016001589,Développer des dispensaires et des maternités dans la commune de zouan-hounien,29500307
248,INVESTISSEMENT,41016001590,Acquérir des appareils et du matériel thérapeutique dans la commune de sipilou,23971000
248,INVESTISSEMENT,41016001600,Développer des services culturels dans la commune de bin-houye,50000000
248,INVESTISSEMENT,41016001620,Développer l'enseignement primaire dans la Commune de Biankouma,7000000
248,INVESTISSEMENT,41016001628,Développer les services de police dans la commune de logouale,29999000
248,INVESTISSEMENT,41016001662,Développer des services culturels dans la Commune de Biankouma,76300000
248,INVESTISSEMENT,41016001691,Développer des services culturels dans la Commune de Sangouine,28000000
248,INVESTISSEMENT,41016001727,Développer le logement dans la commune de logouale,20879259
248,INVESTISSEMENT,41016001738,Développer la préservation de la diversité biologique et la protection de la nature dans la commune de gbonne,6000000
248,INVESTISSEMENT,41016001741,Développer l'alimentation en eau dans la région du tonkpi,21549000
248,INVESTISSEMENT,41016001742,"Développer la distribution, les entrepôts et les magasins dans la commune de gbonne",30000000
248,INVESTISSEMENT,41016001747,Développer les autres services généraux dans la commune de biankouma,56300000
248,INVESTISSEMENT,41016001749,Développer des services récréatifs et sportifs dans la commune de sangouine,15000000
248,INVESTISSEMENT,41016001750,Développer l'enseignement primaire dans la Commune de Sangouiné,87500000
248,INVESTISSEMENT,41016001763,Développer l'enseignement primaire dans la Commune de Danane,215342079
248,INVESTISSEMENT,41016001768,Développer les services de police dans la commune de sangouine,70000000
248,INVESTISSEMENT,41016001775,"Développer la distribution, les entrepôts et les magasins dans la commune de biankouma",75165000
249,INVESTISSEMENT,41016001786,Développer des services récréatifs et sportifs dans la commune de danane,48000000
249,INVESTISSEMENT,41016001801,Développer l'agriculture dans la commune de biankouma,35000000
249,INVESTISSEMENT,41016001820,Développer l'alimentation en eau dans la Commune de Bin-Houye,35873000
249,INVESTISSEMENT,41016001832,Développer l'enseignement primaire dans la Commune de Gbonné,88500000
249,INVESTISSEMENT,41016001838,"Promouvoir la recherche et le développement dans le domaine des loisirs, de la culture et du culte dans la commune de danane",45000000
249,INVESTISSEMENT,41016001977,Développer les autres services généraux dans la commune de Bin-Houyé,30000000
249,INVESTISSEMENT,41016001978,Développer les autres services généraux dans la commune de Sipilou,55224930
249,INVESTISSEMENT,41016001989,Développer les autres services généraux dans la Commune de Man,307503000
249,INVESTISSEMENT,41016001990,Développer les autres services généraux dans la commune de Danané,150000000
249,INVESTISSEMENT,41016002231,Développer les autres services généraux dans la Commune de Logoualé,97000000
249,INVESTISSEMENT,41016002390,DEVELOPPER LES EQUIPEMENTS COLLECTIFS,9000000
249,INVESTISSEMENT,42016000652,Développer les autres services généraux dans la région du cavally,750000000
249,INVESTISSEMENT,42016000653,Développer les industries manufacturières dans la région du cavally,20500000
249,INVESTISSEMENT,42016000655,Développer les services de police dans la Commune de Guiglo,7000000
249,INVESTISSEMENT,42016000667,"Développer la distribution, les entrepôts et les magasins dans la commune de taï",24780000
249,INVESTISSEMENT,42016000683,Développer les services généraux de planification et de statistiques dans la commune de guiglo,50000000
249,INVESTISSEMENT,42016000688,Développer le logement dans la Commune de Guiglo,24000000
249,INVESTISSEMENT,42016000689,Développer l'alimentation en eau dans la Commune de Guiglo,41312000
249,INVESTISSEMENT,42016000692,Développer les équipements collectifs dans la commune de bloléquin,30000000
249,INVESTISSEMENT,42016000694,Développer l'éclairage public dans la Commune de Toulépleu,20000000
249,INVESTISSEMENT,42016000695,Développer le logement dans la région du cavally,196000000
249,INVESTISSEMENT,42016000697,Développer l'alimentation en eau dans la Région du Cavally,196000000
249,INVESTISSEMENT,42016000701,Développer la préservation de la diversité biologique et la protection de la nature dans la commune de taï,29500000
249,INVESTISSEMENT,42016000702,Développer la gestion des déchets dans la commune de bloléquin,26000000
249,INVESTISSEMENT,42016000708,Développer le premier cycle dans l'enseignement sécondaire dans la Région du Cavally,228500484
249,INVESTISSEMENT,42016000712,Développer des dispensaires et des maternités dans la Commune de Bloléquin,80000000
249,INVESTISSEMENT,42016000713,Acquérir des appareils et du matériel thérapeutique dans la commune de bloléquin,45000000
249,INVESTISSEMENT,42016000714,Acquérir des appareils et du matériel thérapeutique dans la commune de taï,19000000
249,INVESTISSEMENT,42016000717,Développer des services récréatifs et sportifs dans la commune de toulepleu,41950000
249,INVESTISSEMENT,42016000719,Développer des services culturels dans la commune de taï,56620000
249,INVESTISSEMENT,42016000721,Développer des services récréatifs et sportifs dans la commune de guiglo,13000000
249,INVESTISSEMENT,42016000726,Développer l'enseignement primaire dans la Commune de Toulepleu,65000000
249,INVESTISSEMENT,42016000727,Développer l'enseignement primaire dans la Commune de Bloléquin,7500000
250,INVESTISSEMENT,42016000730,Développer l'enseignement primaire dans la Commune de Taï,29500000
250,INVESTISSEMENT,42016000731,Développer l'enseignement primaire dans la Commune de Guiglo,235499000
250,INVESTISSEMENT,42016000764,Développer des services récréatifs et sportifs dans la commune de bloléquin,25889000
250,INVESTISSEMENT,42016000771,Développer le logement dans la commune de taï,25000000
250,INVESTISSEMENT,42016000799,Développer la préservation de la diversité biologique et la protection de la nature dans la commune de toulepleu,7686000
250,INVESTISSEMENT,42016000812,Promouvoir la recherche et le développement dans d'autres branches d'activités dans la commune de guiglo,50000000
250,INVESTISSEMENT,42016000820,"Développer la distribution, les entrepôts et les magasins dans la commune de toulepleu",20000000
250,INVESTISSEMENT,42016000827,Développer le deuxième cycle de l'enseignement sécondaire dans la Région du Cavally,47839000
250,INVESTISSEMENT,42016000834,Développer l'enseignement non défini par niveau dans la commune de toulepleu,15000914
250,INVESTISSEMENT,42016000859,Développer la gestion des eaux usées dans la commune de bloléquin,57000000
250,INVESTISSEMENT,42016000861,Développer les transports routiers dans la commune de toulepleu,198000000
250,INVESTISSEMENT,42016000868,Développer le logement dans la commune de toulepleu,15000000
250,INVESTISSEMENT,42016000877,Développer des dispensaires et des maternités dans la Région du Cavally,532498000
250,INVESTISSEMENT,42016000889,Développer l'alimentation en eau dans la commune de taï,48880000
250,INVESTISSEMENT,42016000892,Développer l'enseignement préélémentaire dans la commune de taï,29500000
250,INVESTISSEMENT,42016000893,Développer des dispensaires et des maternités dans la commune de toulepleu,15000000
250,INVESTISSEMENT,42016000899,Développer des services culturels dans la Région du Cavally,50000000
250,INVESTISSEMENT,42016000914,Développer l'enseignement préélémentaire dans la commune de guiglo,12000000
250,INVESTISSEMENT,42016000976,Développer des dispensaires et des maternités dans la Commune de Guiglo,15000000
250,INVESTISSEMENT,42016000991,Développer l'alimentation en eau dans la Commune de Toulépleu,25000000
250,INVESTISSEMENT,42016000993,"Développer la distribution, les entrepôts et les magasins dans la Commune de Guiglo",186158679
250,INVESTISSEMENT,42016000998,Développer l'enseignement préélémentaire dans la commune de toulepleu,30000000
250,INVESTISSEMENT,42016001029,Développer l'enseignement primaire dans la Région du Cavally,196071000
250,INVESTISSEMENT,42016001258,Développer les autres services généraux dans la Commune de Guiglo,11738000
250,INVESTISSEMENT,42104000031,Développer les autres services généraux dans la Commune de Bloléquin,353127307
250,INVESTISSEMENT,42104000032,Développer les autres services généraux dans la commune de Taï,184228265
250,INVESTISSEMENT,43016000690,Développer les services de police dans la commune de bangolo,100000000
250,INVESTISSEMENT,43016000691,Développer les services de police dans la commune de kouibli,64000000
250,INVESTISSEMENT,43016000696,Développer les transports routiers dans la Commune de Duékoué,49865000
250,INVESTISSEMENT,43016000700,Développer les autres services généraux dans la commune de facobly,175000000
250,INVESTISSEMENT,43016000702,Développer les services de police dans la région du guemon,7769000
250,INVESTISSEMENT,43016000707,"Développer la distribution, les entrepôts et les magasins dans la Région du Guémon",15000000
250,INVESTISSEMENT,43016000718,Développer l'alimentation en eau dans la Commune de Duékoué,50000000
251,INVESTISSEMENT,43016000719,Développer le logement dans la commune de bangolo,45000000
251,INVESTISSEMENT,43016000720,Développer le logement dans la Commune de Kouibli,29000000
251,INVESTISSEMENT,43016000721,Développer l'alimentation en eau dans la commune de kouibli,29000000
251,INVESTISSEMENT,43016000724,Développer les équipements collectifs dans la région du guemon,40000000
251,INVESTISSEMENT,43016000725,Développer l'alimentation en eau dans la Région du Guémon,414001964
251,INVESTISSEMENT,43016000726,Développer l'éclairage public dans la Région du Guémon,40000000
251,INVESTISSEMENT,43016000727,"Développer la distribution, les entrepôts et les magasins dans la commune de bangolo",69000000
251,INVESTISSEMENT,43016000746,Développer le premier cycle dans l'enseignement sécondaire dans la Région du Guémon,422171000
251,INVESTISSEMENT,43016000754,Développer des services récréatifs et sportifs dans la commune de facobly,18000000
251,INVESTISSEMENT,43016000757,Développer des services récréatifs et sportifs dans la commune de bangolo,30675538
251,INVESTISSEMENT,43016000760,Développer le logement dans le cadre de la protection sociale dans la région du guemon,22011000
251,INVESTISSEMENT,43016000761,Développer l'enseignement primaire dans la Commune de Facobly,30000000
251,INVESTISSEMENT,43016000765,Développer l'enseignement primaire dans la Commune de Bangolo,35000000
251,INVESTISSEMENT,43016000769,Développer des dispensaires et des maternités dans la Région du Guémon,341278000
251,INVESTISSEMENT,43016000770,Développer des services culturels dans la Région du Guémon,80000000
251,INVESTISSEMENT,43016000835,Développer des dispensaires et des maternités dans la Commune de Bangolo,20000000
251,INVESTISSEMENT,43016000838,Développer les transports routiers dans la Commune de Bangolo,100000000
251,INVESTISSEMENT,43016000841,Développer les autres services généraux dans la région du guemon,74648000
251,INVESTISSEMENT,43016000857,Développer le logement dans la région du guemon,71045000
251,INVESTISSEMENT,43016000865,Développer des dispensaires et des maternités dans la Commune de Duékoué,190000000
251,INVESTISSEMENT,43016000878,Développer les transports routiers dans la Commune de Kouibli,66447000
251,INVESTISSEMENT,43016000886,Développer l'enseignement primaire dans la Région du Guémon,456731000
251,INVESTISSEMENT,43016000891,Développer des services culturels dans la commune de duékoué,35000000
251,INVESTISSEMENT,43016000909,Développer l'agriculture dans la commune de facobly,46000000
251,INVESTISSEMENT,43016000917,Développer l'éclairage public dans la commune de duékoué,80262809
251,INVESTISSEMENT,43016000919,Développer l'enseignement préélémentaire dans la commune de duékoué,130750000
251,INVESTISSEMENT,43016000941,Développer le logement dans la commune de facobly,25000000
251,INVESTISSEMENT,43016000944,Développer l'enseignement primaire dans la Commune de Duékoué,156929000
251,INVESTISSEMENT,43016000968,Promouvoir la recherche et le développement dans le domaine de la protection de l'environnement dans la région du guemon,15000000
251,INVESTISSEMENT,43016000981,Développer le logement dans le cadre de la protection sociale dans la commune de kouibli,29000703
251,INVESTISSEMENT,43016000982,Développer des dispensaires et des maternités dans la commune de facobly,75705000
251,INVESTISSEMENT,43016000984,Acquérir des appareils et du matériel thérapeutique dans la commune de duékoué,45000000
251,INVESTISSEMENT,43016001052,Développer l'éclairage public dans la commune de facobly,49000000
252,INVESTISSEMENT,43016001062,Développer des services hospitaliers spécialisés dans la région du guemon,11389000
252,INVESTISSEMENT,43016001067,Développer les transports routiers dans la Région du Guémon,237214000
252,INVESTISSEMENT,43016001080,Acquérir des appareils et du matériel thérapeutique dans la Région du Guémon,20000000
252,INVESTISSEMENT,43016001087,Développer la lutte contre les exclusions sociales non classées ailleurs dans la commune de facobly,28790172
252,INVESTISSEMENT,43016001092,Développer l'enseignement non défini par niveau dans la commune de duékoué,18361000
252,INVESTISSEMENT,43016001096,Développer des services culturels dans la Commune de Bangolo,100000000
252,INVESTISSEMENT,43016001391,Développer les autres services généraux dans la commune de Kouibly,250000000
252,INVESTISSEMENT,51016000853,Développer les autres services généraux dans la Région du Loh-djiboua,185000000
252,INVESTISSEMENT,51016000860,Développer les autres services généraux dans la commune de divo,160000000
252,INVESTISSEMENT,51016000881,Promouvoir la recherche et le développement dans le domaine de la protection de l'environnement dans la région du loh-djiboua,35000000
252,INVESTISSEMENT,51016000887,Développer les équipements collectifs dans la commune dans lakota,25000000
252,INVESTISSEMENT,51016000890,Développer le logement dans la commune de guitry,80000000
252,INVESTISSEMENT,51016000892,Développer l'alimentation en eau dans la Région du Loh-djiboua,600000000
252,INVESTISSEMENT,51016000899,"Développer la distribution, les entrepôts et les magasins dans la Commune de Divo",35000000
252,INVESTISSEMENT,51016000914,"Développer la distribution, les entrepôts et les magasins dans la commune de zikisso",29000000
252,INVESTISSEMENT,51016000915,Développer les transports routiers dans la Commune de Guitry,150000000
252,INVESTISSEMENT,51016000917,Développer l'hôtellerie et la restauration dans la commune de guitry,29406155
252,INVESTISSEMENT,51016000925,Développer le premier cycle dans l'enseignement sécondaire dans la Région du Loh-djiboua,257500000
252,INVESTISSEMENT,51016000939,Développer des services culturels dans la Commune de Guitry,44000000
252,INVESTISSEMENT,51016000942,Développer des services culturels dans la Commune dans Lakota,15000000
252,INVESTISSEMENT,51016000943,Développer des services récréatifs et sportifs dans la commune dans lakota,40000000
252,INVESTISSEMENT,51016000947,Développer des services récréatifs et sportifs dans la commune de divo,29000000
252,INVESTISSEMENT,51016000952,Développer l'enseignement primaire dans la Commune dans Lakota,93351000
252,INVESTISSEMENT,51016000955,Développer l'enseignement primaire dans la Commune de Divo,398099663
252,INVESTISSEMENT,51016000956,Développer l'enseignement préélémentaire dans la Commune de Divo,38500000
252,INVESTISSEMENT,51016000957,Acquérir des appareils et du matériel thérapeutique dans la Région du Loh-djiboua,78351000
252,INVESTISSEMENT,51016001045,Acquérir des appareils et du matériel thérapeutique dans la commune de divo,18000000
252,INVESTISSEMENT,51016001050,Développer l'enseignement primaire dans la commune de guitry,45000000
252,INVESTISSEMENT,51016001054,Développer les autres services généraux dans la Commune de Guitry,150000000
252,INVESTISSEMENT,51016001062,Développer les autres services généraux dans la commune de zikisso,75000000
252,INVESTISSEMENT,51016001076,Promouvoir la recherche et le développement dans le domaine du logement et des équipements collectifs dans la Région du Loh-djibou,44000000
252,INVESTISSEMENT,51016001077,Développer la gestion des déchets dans la commune dans lakota,15000000
252,INVESTISSEMENT,51016001082,Développer les services généraux de planification et de statistiques dans la commune de zikisso,14546113
253,INVESTISSEMENT,51016001089,Développer des dispensaires et des maternités dans la Commune de Divo,30000000
253,INVESTISSEMENT,51016001092,Développer des dispensaires et des maternités dans la Région du Loh-djiboua,121000000
253,INVESTISSEMENT,51016001093,Développer l'éclairage public dans la Commune de Divo,18000000
253,INVESTISSEMENT,51016001100,Développer les transports routiers dans la commune de divo,101044000
253,INVESTISSEMENT,51016001104,"Développer la distribution, les entrepôts et les magasins dans la Commune dans Lakota",23901803
253,INVESTISSEMENT,51016001130,"Développer la distribution, les entrepôts et les magasins dans la région du loh-djiboua",235000000
253,INVESTISSEMENT,51016001169,Développer l'enseignement préélémentaire dans la région du loh-djiboua,45000000
253,INVESTISSEMENT,51016001176,Développer les autres services généraux dans la commune de lakota,195000000
253,INVESTISSEMENT,51016001184,Développer les transports routiers dans la Commune dans Lakota,40000000
253,INVESTISSEMENT,51016001189,Développer les transports routiers dans la Commune de Zikisso,108000000
253,INVESTISSEMENT,51016001193,Développer l'alimentation en eau dans la commune dans lakota,43557000
253,INVESTISSEMENT,51016001205,Développer le deuxième cycle de l'enseignement secondaire dans la Région du Loh-djiboua,150000000
253,INVESTISSEMENT,51016001222,Développer le logement dans la région du loh-djiboua,211000000
253,INVESTISSEMENT,51016001282,Provision pour investissement de la commune de hire,542561083
253,INVESTISSEMENT,51016001293,Développer le logement dans la Commune de Zikisso,168000000
253,INVESTISSEMENT,51016001299,Développer des services récréatifs et sportifs dans la Commune de Guitry,29000000
253,INVESTISSEMENT,51016001317,Développer l'éclairage public dans la Commune de Zikisso,29000000
253,INVESTISSEMENT,51016001333,Développer les services de protection civile dans la commune dans lakota,29500000
253,INVESTISSEMENT,51016001335,Développer l'enseignement primaire dans la Région du Loh-djiboua,477365219
253,INVESTISSEMENT,51016001355,Développer des dispensaires et des maternités dans la Commune dans Lakota,34128000
253,INVESTISSEMENT,51016001587,"Développer la distribution, les entrepôts et les magasins dans la Commune de Guitry",29000000
253,INVESTISSEMENT,55016000756,Développer les autres services généraux dans la région de san-pedro,751200000
253,INVESTISSEMENT,55016000761,Développer les autres services généraux dans la commune de grand-bereby,71000000
253,INVESTISSEMENT,55016000767,Développer les transports routiers dans la Région de San-pédro,672877816
253,INVESTISSEMENT,55016000771,Développer l'agriculture dans la région du bafing,98000000
253,INVESTISSEMENT,55016000773,Développer les transports routiers dans la Région du Bafing,160000000
253,INVESTISSEMENT,55016000790,Développer les équipements collectifs dans la région du bafing,25000000
253,INVESTISSEMENT,55016000791,Développer l'alimentation en eau dans la Région du Bafing,295195000
253,INVESTISSEMENT,55016000798,Développer l'éclairage public dans la Commune de Tabou,67155082
253,INVESTISSEMENT,55016000803,Développer des dispensaires et des maternités dans la Région du Bafing,351000000
253,INVESTISSEMENT,55016000806,Développer les transports routiers dans la commune de grand-bereby,78784000
253,INVESTISSEMENT,55016000807,Développer l'hôtellerie et la restauration dans la commune de grand-bereby,100000000
253,INVESTISSEMENT,55016000819,Développer les transports routiers dans la Commune de Tabou,45000000
254,INVESTISSEMENT,55016000820,Développer les transports par voie d'eau dans la commune de tabou,50000000
254,INVESTISSEMENT,55016000826,Développer le premier cycle dans l'enseignement sécondaire dans la Région de San-pédro,282351000
254,INVESTISSEMENT,55016000834,Développer des services culturels dans la Commune de Tabou,90000000
254,INVESTISSEMENT,55016000836,Développer des services culturels dans la commune de grabo,40000000
254,INVESTISSEMENT,55016000837,Développer des services récréatifs et sportifs dans la commune de grabo,101000000
254,INVESTISSEMENT,55016000839,Développer des services récréatifs et sportifs dans la commune de grand-bereby,40000000
254,INVESTISSEMENT,55016000844,Développer l'enseignement préélémentaire dans la commune de grabo,45000000
254,INVESTISSEMENT,55016000846,Développer l'enseignement préélémentaire dans la Commune de Grand-Bereby,10000000
254,INVESTISSEMENT,55016000850,Développer des services culturels dans la Région du Bafing,180000000
254,INVESTISSEMENT,55016000851,Développer des services culturels dans la Région de San-Pedro,96821000
254,INVESTISSEMENT,55016000871,Développer l'alimentation en eau dans la commune de grand-bereby,55000847
254,INVESTISSEMENT,55016000908,Développer les transports routiers commune de san-pedro,100200000
254,INVESTISSEMENT,55016000911,Développer les transports routiers dans la Commune de Grabo,145000000
254,INVESTISSEMENT,55016000928,Développer les services de police dans la région de san-pedro,18000000
254,INVESTISSEMENT,55016000937,"Développer la distribution, les entrepôts et les magasins commune de san-pedro",15000000
254,INVESTISSEMENT,55016000946,Développer des dispensaires et des maternités dans la Région de San-Pedro,50000000
254,INVESTISSEMENT,55016000948,Développer le logement dans la commune de grabo,57415284
254,INVESTISSEMENT,55016000956,Acquérir des appareils et du matériel thérapeutique dans la commune de grabo,40000000
254,INVESTISSEMENT,55016000957,Promouvoir la recherche et le développement dans le domaine du logement et des équipements collectifs dans la région du bafing,20000000
254,INVESTISSEMENT,55016000966,Développer l'enseignement primaire dans la Région de San-pédro,171000000
254,INVESTISSEMENT,55016000985,Développer des services culturels commune de san-pedro,90000000
254,INVESTISSEMENT,55016000995,Développer l'enseignement primaire dans la Commune de Grabo,29000000
254,INVESTISSEMENT,55016001010,Développer les services généraux de planification et de statistiques dans la région du bafing,50000000
254,INVESTISSEMENT,55016001022,Développer l'éclairage public dans la commune de grand-bereby,40526000
254,INVESTISSEMENT,55016001032,Développer l'enseignement primaire Commune de San-pédro,174387000
254,INVESTISSEMENT,55016001033,Développer l'enseignement primaire dans la Commune de Grand-Bereby,75000000
254,INVESTISSEMENT,55016001034,Développer des dispensaires et des maternités Communes de San-pédro,195617000
254,INVESTISSEMENT,55016001040,Développer le premier cycle dans l'enseignement secondaire dans la Région du Bafing,230304733
254,INVESTISSEMENT,55016001041,Développer des services récréatifs et sportifs Commune de San-pédro,60000000
254,INVESTISSEMENT,55016001048,Développer l'alimentation en eau dans la Commune de Tabou,95656000
254,INVESTISSEMENT,55016001051,Développer l'enseignement primaire dans la Région du Bafing,325000000
254,INVESTISSEMENT,55016001064,Acquérir des appareils et du matériel thérapeutique dans la région de san-pedro,82500000
254,INVESTISSEMENT,55016001075,Développer la gestion des déchets dans la région de san-pedro,21600000
255,INVESTISSEMENT,55016001106,Développer l'éclairage public dans la Région de San-pédro,96000000
255,INVESTISSEMENT,55016001143,Développer les autres services généraux dans la région du bafing,115854000
255,INVESTISSEMENT,55016001146,Développer le logement dans la région de san-pedro,40000000
255,INVESTISSEMENT,55016001154,Développer les services généraux de planification et de statistiques dans la commune de grand-bereby,25000000
255,INVESTISSEMENT,55016001160,"Développer la distribution, les entrepôts et les magasins dans la région du bafing",40000000
255,INVESTISSEMENT,55016001174,Développer l'enseignement primaire dans la Commune de Tabou,166000000
255,INVESTISSEMENT,55016001181,Développer les industries manufacturières dans la région du bafing,29800000
255,INVESTISSEMENT,55016001203,Développer l'alimentation en eau dans la Région de San-Pedro,100000000
255,INVESTISSEMENT,55016001204,Développer la gestion des eaux usées dans la commune de grand-bereby,16000000
255,INVESTISSEMENT,55016001205,Développer les autres services généraux dans la commune de tabou,20000000
255,INVESTISSEMENT,55016001214,Acquérir des appareils et du matériel thérapeutique dans la Région du Bafing,85000000
255,INVESTISSEMENT,55016001495,Développer l'éclairage public dans la Commune de San-Pédro,29800000
255,INVESTISSEMENT,55016001539,Développer le logement dans la région du Bafing,90000000
255,INVESTISSEMENT,55016001636,Développer les autres services généraux dans la commune de San-Pedro,212300000
255,INVESTISSEMENT,55016001637,Développer les services de police dans la commune de San-Pedro,70000000
255,INVESTISSEMENT,55016001639,Développer les équipements collectifs dans la commune de San-Pedro,70000000
255,INVESTISSEMENT,55016001641,Développer l'alimentation en eau dans la commune de San-Pedro,16636399
255,INVESTISSEMENT,56016000835,Développer les autres services généraux dans la région de la nawa,150000000
255,INVESTISSEMENT,56016000839,Développer les services de police dans la commune de mayo,13500000
255,INVESTISSEMENT,56016000844,Développer les autres services généraux dans la commune de grand-zattry,47500000
255,INVESTISSEMENT,56016000847,Développer les autres services généraux dans la Commune de Mayo,118400000
255,INVESTISSEMENT,56016000848,Développer les autres services généraux dans la commune de soubre,300000000
255,INVESTISSEMENT,56016000853,Développer les transports routiers dans la Région dans la Nawa,140000000
255,INVESTISSEMENT,56016000862,"Développer la distribution, les entrepôts et les magasins dans la commune de meagui",24500000
255,INVESTISSEMENT,56016000866,Développer les transports routiers dans la Commune de Soubré,135000000
255,INVESTISSEMENT,56016000870,Développer la gestion des déchets dans la commune de grand-zattry,17570000
255,INVESTISSEMENT,56016000875,Développer la gestion des eaux usées dans la commune de meagui,46200000
255,INVESTISSEMENT,56016000881,Développer l'alimentation en eau dans la commune de grand-zattry,28232000
255,INVESTISSEMENT,56016000884,Développer le logement dans la Commune de Mayo,45300000
255,INVESTISSEMENT,56016000885,Développer l'alimentation en eau dans la commune de mayo,17000000
255,INVESTISSEMENT,56016000887,Développer les équipements collectifs dans la commune de meagui,35680000
255,INVESTISSEMENT,56016000888,Développer l'alimentation en eau dans la Commune de Méagui,99500000
255,INVESTISSEMENT,56016000891,Développer l'alimentation en eau dans la commune de soubre,84000000
256,INVESTISSEMENT,56016000905,Développer les transports routiers dans la Commune de Grand-zattry,49000000
256,INVESTISSEMENT,56016000906,Développer l'hôtellerie et la restauration dans la commune de grand-zattry,72000000
256,INVESTISSEMENT,56016000908,Développer les transports routiers dans la Commune de Gueyo,28000000
256,INVESTISSEMENT,56016000919,Développer des dispensaires et des maternités dans la Commune de Méagui,12000000
256,INVESTISSEMENT,56016000926,Développer des dispensaires et des maternités dans la commune de buyo,15000000
256,INVESTISSEMENT,56016000927,Développer le premier cycle dans l'enseignement sécondaire dans la Région dans la Nawa,510500000
256,INVESTISSEMENT,56016000933,Développer des services récréatifs et sportifs dans la Commune de Mayo,19816000
256,INVESTISSEMENT,56016000934,Développer des services culturels dans la commune de gueyo,37913000
256,INVESTISSEMENT,56016000935,Développer des services culturels dans la commune de grand-zattry,25000000
256,INVESTISSEMENT,56016000936,Développer des services récréatifs et sportifs dans la Commune de Grand-Zattry,5000000
256,INVESTISSEMENT,56016000938,Développer des services culturels dans la Commune de Buyo,27000000
256,INVESTISSEMENT,56016000948,Développer l'enseignement préélémentaire dans la Commune de Gueyo,7000000
256,INVESTISSEMENT,56016000950,Développer l'enseignement primaire dans la commune de grand-zattry,54495000
256,INVESTISSEMENT,56016000951,Développer l'enseignement primaire dans la Commune de Buyo,109798928
256,INVESTISSEMENT,56016000952,Développer l'enseignement pré-élémentaire dans la Commune de Buyo,70000000
256,INVESTISSEMENT,56016001013,Développer les services généraux de planification et de statistiques dans la commune de gueyo,10000000
256,INVESTISSEMENT,56016001015,Développer l'éclairage public dans la région dans la nawa,54000000
256,INVESTISSEMENT,56016001037,Développer les autres services généraux dans la commune de meagui,100073642
256,INVESTISSEMENT,56016001042,Développer les services généraux de planification et de statistiques dans la région dans la nawa,60000000
256,INVESTISSEMENT,56016001053,Développer les services de police dans la Région dans la Nawa,59639275
256,INVESTISSEMENT,56016001055,Développer l'alimentation en eau dans la région dans la nawa,255583000
256,INVESTISSEMENT,56016001069,Développer les transports routiers dans la Commune de Méagui,101100000
256,INVESTISSEMENT,56016001070,Développer l'hôtellerie et la restauration dans la commune de meagui,15000000
256,INVESTISSEMENT,56016001077,Développer les équipements collectifs dans la commune de grand-zattry,44199193
256,INVESTISSEMENT,56016001081,Développer des dispensaires et des maternités dans la Commune de Gueyo,65500772
256,INVESTISSEMENT,56016001082,Développer des dispensaires et des maternités dans la Commune de Grand-zattry,34500000
256,INVESTISSEMENT,56016001098,Développer l'enseignement non défini par niveau dans la Région dans la Nawa,70000000
256,INVESTISSEMENT,56016001099,Développer des services récréatifs et sportifs dans la commune de soubre,20000000
256,INVESTISSEMENT,56016001107,Développer l'enseignement primaire dans la Commune de Méagui,114400000
256,INVESTISSEMENT,56016001108,Développer l'enseignement primaire dans la Commune de Mayo,76868924
256,INVESTISSEMENT,56016001115,Développer des dispensaires et des maternités dans la Région dans la Nawa,235000000
256,INVESTISSEMENT,56016001118,Développer l'enseignement primaire dans la Commune de Soubré,151646000
256,INVESTISSEMENT,56016001122,"Développer la distribution, les entrepôts et les magasins dans la Commune de Grand-Zattry",98505000
257,INVESTISSEMENT,56016001125,Développer la gestion des déchets dans la commune de meagui,10000000
257,INVESTISSEMENT,56016001145,"Développer la distribution, les entrepôts et les magasins dans la Région dans la Nawa",22785000
257,INVESTISSEMENT,56016001146,Développer l'éclairage public dans la commune de buyo,92116540
257,INVESTISSEMENT,56016001147,Développer l'alimentation en eau dans la commune de gueyo,24000000
257,INVESTISSEMENT,56016001150,Développer la préservation de la diversité biologique et la protection de la nature dans la commune de buyo,22000000
257,INVESTISSEMENT,56016001152,Développer la préservation de la diversité biologique et la protection de la nature dans la commune de mayo,22000000
257,INVESTISSEMENT,56016001161,"Développer la distribution, les entrepôts et les magasins dans la Commune de Buyo",110000000
257,INVESTISSEMENT,56016001175,Acquérir des appareils et du matériel thérapeutique dans la commune de meagui,10000000
257,INVESTISSEMENT,56016001177,Développer l'enseignement pré-élémentaire dans la Commune de Méagui,10000000
257,INVESTISSEMENT,56016001178,Développer l'enseignement primaire dans la Commune de Gueyo,167097000
257,INVESTISSEMENT,56016001180,Développer des services culturels dans la Région dans la Nawa,50694000
257,INVESTISSEMENT,56016001183,Développer des services récréatifs et sportifs dans la commune de buyo,21428953
257,INVESTISSEMENT,56016001186,Développer les équipements collectifs dans la commune de mayo,24700000
257,INVESTISSEMENT,56016001197,"Développer la distribution, les entrepôts et les magasins dans la commune de gueyo",27000000
257,INVESTISSEMENT,56016001200,Développer l'enseignement préélémentaire dans la Commune de Soubré,34578521
257,INVESTISSEMENT,56016001265,Développer l'éclairage public dans la Commune de Gueyo,79532000
257,INVESTISSEMENT,56016001268,Développer l'enseignement primaire dans la Région dans la Nawa,580000000
257,INVESTISSEMENT,56016001281,Développer la gestion des eaux usées dans la commune de mayo,30000000
257,INVESTISSEMENT,56016001283,Développer les transports routiers dans la Commune de Mayo,49999000
257,INVESTISSEMENT,56016001288,Développer des services hospitaliers généraux dans la Région dans la Nawa,109500000
257,INVESTISSEMENT,56016001289,Développer les services de police dans la Commune de Buyo,15000000
257,INVESTISSEMENT,56016001298,"Promouvoir la recherche et le développement dans le domaine des loisirs, de la culture et du culte dans la commune de meagui",5000000
257,INVESTISSEMENT,56016001305,Développer les équipements collectifs dans la Commune de Soubré,50000000
257,INVESTISSEMENT,56016001309,"Développer la distribution, les entrepôts et les magasins dans la Commune de Mayo",26281000
257,INVESTISSEMENT,56016001312,Développer le logement dans la région dans la nawa,67500000
257,INVESTISSEMENT,57016000422,Développer les services de protection civile dans la commune de fresco,19000000
257,INVESTISSEMENT,57016000424,Développer les autres services généraux dans la commune de fresco,244790452
257,INVESTISSEMENT,57016000428,Développer l'agriculture dans la région du gbokle,117800000
257,INVESTISSEMENT,57016000430,Développer la pêche dans la région du gbokle,27000000
257,INVESTISSEMENT,57016000431,Développer les transports routiers dans la Région du Gbôklé,19639000
257,INVESTISSEMENT,57016000432,Développer l'hôtellerie et la restauration dans la région du gbokle,75000000
257,INVESTISSEMENT,57016000434,Promouvoir la recherche et le développement dans d'autres branches d'activités dans la région du gbokle,25000000
257,INVESTISSEMENT,57016000437,Développer la pêche dans la commune de sassandra,29000000
258,INVESTISSEMENT,57016000450,Développer l'éclairage public dans la commune de sassandra,29000000
258,INVESTISSEMENT,57016000451,Développer le logement dans la commune de fresco,29350000
258,INVESTISSEMENT,57016000454,Développer l'alimentation en eau dans la Région du Gboklé,25097000
258,INVESTISSEMENT,57016000459,Développer des services culturels dans la commune de fresco,7000000
258,INVESTISSEMENT,57016000461,Développer le deuxième cycle de l'enseignement secondaire dans la région du gbokle,27900000
258,INVESTISSEMENT,57016000463,Développer l'enseignement non défini par niveau dans la région du gbokle,24910000
258,INVESTISSEMENT,57016000468,Développer l'enseignement primaire dans la Commune de Fresco,5000000
258,INVESTISSEMENT,57016000469,Développer l'enseignement préélémentaire dans la Commune de Fresco,30182000
258,INVESTISSEMENT,57016000470,Développer l'enseignement primaire dans la Commune de Sassandra,190000000
258,INVESTISSEMENT,57016000471,Acquérir des appareils et du matériel thérapeutique dans la Région du Gbôklé,28000000
258,INVESTISSEMENT,57016000497,Développer les transports routiers dans la Commune de Fresco,54000000
258,INVESTISSEMENT,57016000499,Développer les autres services généraux dans la région du gbokle,200370000
258,INVESTISSEMENT,57016000521,Développer des dispensaires et des maternités dans la Commune de Sassandra,60000000
258,INVESTISSEMENT,57016000537,Développer des services hospitaliers généraux dans la région du gbokle,29000000
258,INVESTISSEMENT,57016000542,Développer l'hôtellerie et la restauration dans la commune de sassandra,30000000
258,INVESTISSEMENT,57016000543,Promouvoir la recherche et le développement dans d'autres branches d'activités dans la commune de fresco,7250000
258,INVESTISSEMENT,57016000555,Développer l'enseignement préélémentaire dans la commune de sassandra,50000000
258,INVESTISSEMENT,57016000565,Développer des dispensaires et des maternités dans la Région du Gboklé,245000000
258,INVESTISSEMENT,57016000567,Développer les services de protection civile dans la région du gbokle,90590000
258,INVESTISSEMENT,57016000573,Développer l'enseignement primaire dans la Région du Gboklé,656422895
258,INVESTISSEMENT,57016000576,Développer le premier cycle dans l'enseignement sécondaire dans la Région du Gboklé,408630000
258,INVESTISSEMENT,57016000587,Développer l'enseignement non défini par niveau dans la commune de sassandra,25000000
258,INVESTISSEMENT,57016000614,Développer la préservation de la diversité biologique et la protection de la nature dans la région du gbokle,59800000
258,INVESTISSEMENT,57016000630,Développer les transports routiers dans la Commune de Sassandra,125977447
258,INVESTISSEMENT,57016000645,"Développer la distribution, les entrepôts et les magasins dans la commune de sassandra",29000000
258,INVESTISSEMENT,57016000651,"Développer la distribution, les entrepôts et les magasins dans la région du gbokle",93526000
258,INVESTISSEMENT,57016000665,"Développer la distribution, les entrepôts et les magasins dans la commune de fresco",30000000
258,INVESTISSEMENT,57016000669,Développer l'alimentation en eau dans la commune de fresco,28000000
258,INVESTISSEMENT,57016000670,Développer des services récréatifs et sportifs dans la Commune de Fresco,57000000
258,INVESTISSEMENT,61016000655,Développer les autres services généraux dans la commune d'abengourou,282193481
258,INVESTISSEMENT,61016000657,Développer les autres services généraux dans la commune de bettie,95000000
258,INVESTISSEMENT,61016000665,Développer les services généraux de planification et de statistiques dans la commune d'abengourou,82500000
258,INVESTISSEMENT,61016000675,"Développer la distribution, les entrepôts et les magasins dans la Commune d'Agnibilekrou",46500000
259,INVESTISSEMENT,61016000678,Développer l'agriculture dans la commune de bettie,24550000
259,INVESTISSEMENT,61016000679,Développer les transports routiers dans la commune de bettie,102311882
259,INVESTISSEMENT,61016000684,Développer les transports routiers dans la commune de niable,118000000
259,INVESTISSEMENT,61016000699,Développer l'éclairage public dans la Commune de Bettié,45950000
259,INVESTISSEMENT,61016000703,Développer l'alimentation en eau dans la Région de l'Indénié djuablin,240000000
259,INVESTISSEMENT,61016000709,Développer des dispensaires et des maternités dans la commune d'abengourou,59000000
259,INVESTISSEMENT,61016000718,Développer l'enseignement primaire dans la Région de l'Indenie Djuablin,458956000
259,INVESTISSEMENT,61016000721,Développer l'enseignement primaire dans la Commune de Niablé,110500000
259,INVESTISSEMENT,61016000724,Développer l'enseignement primaire dans la Commune d'Agnibilekrou,89574000
259,INVESTISSEMENT,61016000768,Développer l'enseignement primaire dans la Commune d'Abengourou,117500000
259,INVESTISSEMENT,61016000775,Développer les transports routiers dans la commune d'agnibilekrou,41850000
259,INVESTISSEMENT,61016000777,Développer des services récréatifs et sportifs dans la commune d'abengourou,40000000
259,INVESTISSEMENT,61016000781,Développer le premier cycle dans l'enseignement sécondaire dans la Région de l'Indénié djuablin,225000866
259,INVESTISSEMENT,61016000783,Développer les autres services généraux dans la commune de niable,195150117
259,INVESTISSEMENT,61016000786,Développer le logement dans la Région de l'Indénié djuablin,288000000
259,INVESTISSEMENT,61016000820,Promouvoir la recherche et le développement dans le domaine de la protection de l'environnement dans la région de l'indenie djuablin,75000000
259,INVESTISSEMENT,61016000825,Développer le logement dans la commune d'agnibilekrou,36000000
259,INVESTISSEMENT,61016000828,Développer les services de protection civile dans la commune d'agnibilekrou,70220542
259,INVESTISSEMENT,61016000846,Développer l'enseignement primaire dans la Commune de Bettié,14664116
259,INVESTISSEMENT,61016000851,Développer des services culturels dans la commune d'abengourou,20000000
259,INVESTISSEMENT,61016000874,Développer des services hospitaliers généraux dans la région de l'indenie djuablin,80000000
259,INVESTISSEMENT,61016000882,Promouvoir la recherche et le développement dans d'autres branches d'activités dans la commune d'abengourou,24500000
259,INVESTISSEMENT,61016000886,Développer des dispensaires et des maternités dans la Région de l'Indenie Djuablin,133000000
259,INVESTISSEMENT,61016000910,Développer les services généraux de planification et de statistiques dans la région de l'indenie djuablin,28000000
259,INVESTISSEMENT,61016000919,"Développer la distribution, les entrepôts et les magasins dans la Commune de Bettie",165102000
259,INVESTISSEMENT,61016000932,Développer les transports routiers dans la Région de l'Indénié djuablin,100000000
259,INVESTISSEMENT,61016000935,Développer le deuxième cycle de l'enseignement secondaire dans la région de l'indenie djuablin,26000000
259,INVESTISSEMENT,61016000962,Développer l'éclairage public dans la Région de l'Indenie Djuablin,23462000
259,INVESTISSEMENT,61016000963,Acquérir des appareils et du matériel thérapeutique dans la région de l'indenie djuablin,63000000
259,INVESTISSEMENT,61016000978,Développer l'éclairage public dans la commune d'agnibilekrou,191951000
259,INVESTISSEMENT,61016000985,"Développer la distribution, les entrepôts et les magasins dans la Région de l'Indénié djuablin",87024000
259,INVESTISSEMENT,61016001003,Développer l'enseignement préélémentaire dans la commune de niable,30000000
259,INVESTISSEMENT,61016001012,Acquérir des appareils et du matériel thérapeutique dans la commune d'abengourou,29500000
260,INVESTISSEMENT,61016001016,Développer l'enseignement pré-élémentaire dans la Région de l'Indenie Djuablin,63000000
260,INVESTISSEMENT,61016001021,Développer les autres services généraux dans la région de l'indenie djuablin,338227000
260,INVESTISSEMENT,61016001031,Développer des dispensaires et des maternités dans la Commune d'Agnibilékrouu,86350000
260,INVESTISSEMENT,62016001109,Développer les autres services généraux dans la Région de Gontougo,620980000
260,INVESTISSEMENT,62016001117,Développer les services de police dans la commune de sandegue,29000000
260,INVESTISSEMENT,62016001123,"Développer la distribution, les entrepôts et les magasins dans la commune de kouassi-datekro",29997000
260,INVESTISSEMENT,62016001125,Développer les autres services généraux dans la commune d'assuefry,106455653
260,INVESTISSEMENT,62016001127,Développer les autres services généraux dans la commune de koun-fao,124000000
260,INVESTISSEMENT,62016001128,Développer les autres services généraux dans la commune de sandegue,10500000
260,INVESTISSEMENT,62016001134,Développer les services de police dans la région de gontougo,29500000
260,INVESTISSEMENT,62016001149,Développer les transports routiers dans la Commune d'Assuefry,53200000
260,INVESTISSEMENT,62016001150,"Développer la distribution, les entrepôts et les magasins dans la commune d'assuefry",28600000
260,INVESTISSEMENT,62016001155,"Développer la distribution, les entrepôts et les magasins dans la Commune de Bondoukou",214000000
260,INVESTISSEMENT,62016001160,Développer la gestion des eaux usées dans la commune de kouassi-datekro,29998000
260,INVESTISSEMENT,62016001169,Développer les transports routiers dans la commune de koun-fao,53500000
260,INVESTISSEMENT,62016001170,"Développer la distribution, les entrepôts et les magasins dans la commune de koun-fao",49768000
260,INVESTISSEMENT,62016001172,Développer l'agriculture dans la commune de sandegue,24718000
260,INVESTISSEMENT,62016001174,Développer les transports routiers dans la commune de sandegue,43000000
260,INVESTISSEMENT,62016001183,Développer les transports routiers dans la Commune de Transua,95000000
260,INVESTISSEMENT,62016001184,Développer l'hôtellerie et la restauration dans la commune de transua,87555000
260,INVESTISSEMENT,62016001198,Développer l'alimentation en eau dans la Région de Gontougo,50000000
260,INVESTISSEMENT,62016001199,Développer l'éclairage public dans la région de gontougo,22303000
260,INVESTISSEMENT,62016001201,Développer l'alimentation en eau dans la commune d'assuefry,29000000
260,INVESTISSEMENT,62016001203,Développer l'alimentation en eau dans la commune de bondoukou,25000000
260,INVESTISSEMENT,62016001207,Développer l'alimentation en eau dans la commune de koun-fao,20000000
260,INVESTISSEMENT,62016001211,Développer l'éclairage public dans la commune de transua,15000000
260,INVESTISSEMENT,62016001221,Développer des dispensaires et des maternités dans la Commune de Transua,35699000
260,INVESTISSEMENT,62016001223,Développer des dispensaires et des maternités dans la Commune de Tanda,45967000
260,INVESTISSEMENT,62016001224,Acquérir des appareils et du matériel thérapeutique dans la commune de tanda,34000000
260,INVESTISSEMENT,62016001225,Développer des dispensaires et des maternités dans la Commune de Sangégué,14500000
260,INVESTISSEMENT,62016001228,Développer des dispensaires et des maternités dans la Commune de Kouassi-Datèkro,29997000
260,INVESTISSEMENT,62016001229,Développer des dispensaires et des maternités dans la Commune de Bondoukou,12000000
260,INVESTISSEMENT,62016001232,Acquérir des appareils et du matériel thérapeutique dans la commune d'assuefry,24000000
261,INVESTISSEMENT,62016001233,"Développer des services de radiodiffusion, de télévision et d'édition dans la commune de transua",25000000
261,INVESTISSEMENT,62016001236,Développer des services culturels dans la commune de sandegue,8000000
261,INVESTISSEMENT,62016001237,Développer des services récréatifs et sportifs dans la Commune de Sangégué,18000000
261,INVESTISSEMENT,62016001240,Développer des services récréatifs et sportifs dans la commune de kouassi-datekro,29998000
261,INVESTISSEMENT,62016001243,Développer des services culturels dans la Commune d'Assuefry,29581000
261,INVESTISSEMENT,62016001247,Développer l'enseignement primaire dans la Commune de Transua,88299000
261,INVESTISSEMENT,62016001248,Développer l'enseignement préélémentaire dans la commune de transua,12000000
261,INVESTISSEMENT,62016001249,Développer l'enseignement préélémentaire dans la Commune de Tanda,22688000
261,INVESTISSEMENT,62016001251,Développer l'enseignement primaire dans la Commune de Sandégué,53500000
261,INVESTISSEMENT,62016001254,Développer l'enseignement primaire dans la Commune de Kouassi-Datèkro,59993000
261,INVESTISSEMENT,62016001256,Développer l'enseignement primaire dans la Commune de Bondoukou,93098000
261,INVESTISSEMENT,62016001269,Développer des services culturels dans la Commune de Kouassi-datèkro,29995000
261,INVESTISSEMENT,62016001270,Acquérir des appareils et du matériel thérapeutique dans la Région de Gontougo,56000000
261,INVESTISSEMENT,62016001273,Développer des services culturels dans la Région de Gontougo,22700000
261,INVESTISSEMENT,62016001306,Développer le logement dans le cadre de la protection sociale dans la commune de sandegue,15000000
261,INVESTISSEMENT,62016001308,Protéger les familles et les enfants dans la commune de tanda,9539000
261,INVESTISSEMENT,62016001345,"Développer la distribution, les entrepôts et les magasins dans la Commune de Transua",27000000
261,INVESTISSEMENT,62016001360,Promouvoir la recherche et le développement dans le domaine de l'enseignement dans la région de gontougo,20000000
261,INVESTISSEMENT,62016001367,Développer des dispensaires et des maternités dans la commune d'assuefry,74237000
261,INVESTISSEMENT,62016001382,Développer les équipements collectifs dans la commune d'assuefry,29756000
261,INVESTISSEMENT,62016001386,Développer les autres services généraux dans la commune de bondoukou,60000000
261,INVESTISSEMENT,62016001387,Développer le logement dans la région de gontougo,23000000
261,INVESTISSEMENT,62016001396,Développer les services généraux de planification et de statistiques dans la commune de sandegue,23000000
261,INVESTISSEMENT,62016001397,Développer le logement dans la commune de tanda,101500000
261,INVESTISSEMENT,62016001420,Développer les transports routiers dans la Commune de Tanda,40500000
261,INVESTISSEMENT,62016001424,Développer des dispensaires et des maternités dans la Région de Gontougo,126836000
261,INVESTISSEMENT,62016001425,Développer la préservation de la diversité biologique et la protection de la nature dans la région de gontougo,10000000
261,INVESTISSEMENT,62016001427,Acquérir des appareils et du matériel thérapeutique dans la Commune de Transua,38354685
261,INVESTISSEMENT,62016001434,Développer les équipements collectifs dans la commune de bondoukou,50000000
261,INVESTISSEMENT,62016001437,Développer le logement dans la commune de sandegue,32000095
261,INVESTISSEMENT,62016001438,Développer l'éclairage public dans la Commune de Sandégué,44393000
261,INVESTISSEMENT,62016001439,Développer l'alimentation en eau dans la Commune de Tanda,10200000
261,INVESTISSEMENT,62016001450,Développer des services culturels dans la commune de bondoukou,51000000
262,INVESTISSEMENT,62016001451,"Développer des services de radiodiffusion, de télévision et d'édition dans la commune d'assuefry",29056000
262,INVESTISSEMENT,62016001468,Développer l'enseignement primaire dans la Commune de Tanda,165299231
262,INVESTISSEMENT,62016001469,Développer l'enseignement préélémentaire dans la commune de sandegue,16500000
262,INVESTISSEMENT,62016001485,Développer les transports routiers dans la Région de Gontougo,295155000
262,INVESTISSEMENT,62016001503,Développer les équipements collectifs dans la commune de transua,20000000
262,INVESTISSEMENT,62016001511,Développer l'enseignement primaire dans la Commune d'Assuefry,51440000
262,INVESTISSEMENT,62016001517,Développer les services généraux de planification et de statistiques dans la région de gontougo,45000000
262,INVESTISSEMENT,62016001525,Développer l'éclairage public dans la commune de koun-fao,18012400
262,INVESTISSEMENT,62016001526,Développer les équipements collectifs dans la commune de tanda,20000000
262,INVESTISSEMENT,62016001530,"Développer des services de radiodiffusion, de télévision et d'édition dans la commune de sandegue",29000000
262,INVESTISSEMENT,62016001531,Développer l'enseignement préélémentaire dans la région de gontougo,35000000
262,INVESTISSEMENT,62016001547,Développer l'enseignement non défini par niveau dans la commune de sandegue,23224000
262,INVESTISSEMENT,62016001548,Développer l'enseignement préélémentaire dans la commune de koun-fao,25000000
262,INVESTISSEMENT,62016001551,Acquérir des appareils et du matériel thérapeutique dans la commune de kouassi-datekro,25000000
262,INVESTISSEMENT,62016001566,Développer des services récréatifs et sportifs dans la commune de bondoukou,111677398
262,INVESTISSEMENT,62016001568,Développer le premier cycle dans l'enseignement sécondaire dans la Région de Gontougo,333500000
262,INVESTISSEMENT,62016001571,Développer l'hôtellerie et la restauration dans la commune de tanda,10000000
262,INVESTISSEMENT,62016001635,Développer des dispensaires et des maternités dans la Commune de Koun-fao,49500000
262,INVESTISSEMENT,62016001670,Développer l'hôtellerie et la restauration dans la commune de kouassi-datekro,32266426
262,INVESTISSEMENT,62016001676,Développer l'éclairage public dans la Commune d'Assuefry,9399000
262,INVESTISSEMENT,62016001677,Développer l'alimentation en eau dans la commune de sandegue,33854000
262,INVESTISSEMENT,62016001678,Développer des services récréatifs et sportifs dans la commune de tanda,10000000
262,INVESTISSEMENT,62016001687,Développer les autres services généraux dans la commune de kouassi-datekro,128000000
262,INVESTISSEMENT,62016001688,Développer le deuxième cycle de l'enseignement secondaire dans la Région de Gontougo,35920000
262,INVESTISSEMENT,62016001702,Développer l'éclairage public dans la Commune de Tanda,5944000
262,INVESTISSEMENT,62016001705,Développer l'enseignement primaire dans la Commune de Koun-Fao,100878409
262,INVESTISSEMENT,62016001748,Développer le logement dans la commune de kouassi-datekro,29875000
262,INVESTISSEMENT,62016001749,Développer des services culturels dans la commune de transua,19000000
262,INVESTISSEMENT,62016001752,Développer l'enseignement primaire dans la Région de Gontougo,551500999
262,INVESTISSEMENT,71016001186,Développer les autres services généraux dans la région du sud-comoe,401093000
262,INVESTISSEMENT,71016001196,Développer les services de police dans la commune de bonoua,29000000
262,INVESTISSEMENT,71016001213,Développer les transports routiers dans la région du sud-comoe,55000000
262,INVESTISSEMENT,71016001214,"Développer la distribution, les entrepôts et les magasins dans la Région du Sud-comoé",125000000
263,INVESTISSEMENT,71016001238,Développer les transports par voie d'eau dans la commune d'adiake,85000000
263,INVESTISSEMENT,71016001239,"Développer la distribution, les entrepôts et les magasins dans la commune d'adiake",15000000
263,INVESTISSEMENT,71016001241,Développer l'agriculture dans la commune d'ayame,18000000
263,INVESTISSEMENT,71016001243,"Développer la distribution, les entrepôts et les magasins dans la Commune d'Ayamé",81000000
263,INVESTISSEMENT,71016001247,Développer les transports routiers dans la commune de bonoua,305269956
263,INVESTISSEMENT,71016001259,Développer l'hôtellerie et la restauration dans la commune de mafere,28750000
263,INVESTISSEMENT,71016001263,Développer les transports routiers dans la Commune de Tiapoum,5000000
263,INVESTISSEMENT,71016001265,Développer l'hôtellerie et la restauration dans la commune de tiapoum,35972000
263,INVESTISSEMENT,71016001271,Développer l'alimentation en eau dans la Région du Sud-comoé,62851000
263,INVESTISSEMENT,71016001276,Développer les équipements collectifs dans la Commune d'Adiaké,50000000
263,INVESTISSEMENT,71016001277,Développer l'alimentation en eau dans la Commune d'Adiaké,29500000
263,INVESTISSEMENT,71016001278,Développer les équipements collectifs dans la Commune d'Ayamé,15000000
263,INVESTISSEMENT,71016001279,Développer l'alimentation en eau dans la commune d'ayame,29000000
263,INVESTISSEMENT,71016001282,Développer l'éclairage public dans la Commune de Bonoua,29800000
263,INVESTISSEMENT,71016001283,Développer le logement dans la commune de grand-bassam,25000000
263,INVESTISSEMENT,71016001285,Développer les équipements collectifs dans la commune de mafere,24040000
263,INVESTISSEMENT,71016001286,Développer l'alimentation en eau dans la commune de mafere,17388000
263,INVESTISSEMENT,71016001288,Développer l'éclairage public dans la Commune de Tiapoum,41000000
263,INVESTISSEMENT,71016001299,Acquérir des appareils et du matériel thérapeutique e la Commune d'Assinie Mafia,33119000
263,INVESTISSEMENT,71016001300,Développer des dispensaires et des maternités dans la Commune de Tiapoum,29000000
263,INVESTISSEMENT,71016001307,Développer des dispensaires et des maternités dans la Commune d'Adiaké,30000000
263,INVESTISSEMENT,71016001309,Développer des dispensaires et des maternités dans la Commune d'Aboisso,40000000
263,INVESTISSEMENT,71016001310,Acquérir des appareils et du matériel thérapeutique dans la commune d'aboisso,20000000
263,INVESTISSEMENT,71016001311,Développer des services culturels e la Commune d'Assinie mafia,25000000
263,INVESTISSEMENT,71016001312,Développer des services récréatifs et sportifs e la commune d'assinie mafia,13500000
263,INVESTISSEMENT,71016001313,Développer des services culturels dans la commune de tiapoum,43870000
263,INVESTISSEMENT,71016001314,"Développer des services de radiodiffusion, de télévision et d'édition dans la commune de mafere",118100000
263,INVESTISSEMENT,71016001315,Développer des services culturels dans la Commune de Maféré,13989000
263,INVESTISSEMENT,71016001316,Développer des services récréatifs et sportifs dans la Commune de Maféré,102744000
263,INVESTISSEMENT,71016001324,Développer l'enseignement pré-élémentaire dans la Région du Sud-Comoé,27362000
263,INVESTISSEMENT,71016001328,Développer l'enseignement primaire e la Commune d'Assinie Mafia,64961000
263,INVESTISSEMENT,71016001329,Développer l'enseignement préélémentaire e la commune d'assinie mafia,10000000
263,INVESTISSEMENT,71016001335,Développer l'enseignement primaire dans la commune d'ayame,71000000
264,INVESTISSEMENT,71016001339,Développer l'enseignement préélémentaire dans la Commune d'Aboisso,115000000
264,INVESTISSEMENT,71016001343,Acquérir des appareils et du matériel thérapeutique dans la Région du Sud-comoé,25000000
264,INVESTISSEMENT,71016001346,Développer des dispensaires et des maternités dans la Région du Sud-comoé,184637000
264,INVESTISSEMENT,71016001348,Développer des services culturels dans la Région du Sud-comoé,120000804
264,INVESTISSEMENT,71016001349,Développer des dispensaires et des maternités e la Commune d'Assinie Mafia,136453000
264,INVESTISSEMENT,71016001456,Développer les services de police dans la Région du Sud-comoé,52667000
264,INVESTISSEMENT,71016001458,Développer la gestion des eaux usées dans la commune de grand-bassam,30000000
264,INVESTISSEMENT,71016001466,Développer les transports par voie d'eau dans la Région du Sud-comoé,28000000
264,INVESTISSEMENT,71016001469,Développer les autres services généraux dans la commune d'ayame,117176479
264,INVESTISSEMENT,71016001471,Développer les autres services généraux dans la commune de tiapoum,34792554
264,INVESTISSEMENT,71016001483,Développer l'éclairage public dans la Région du Sud-Comoé,70000000
264,INVESTISSEMENT,71016001486,Développer les services de police dans la commune de mafere,22000000
264,INVESTISSEMENT,71016001488,Développer la préservation de la diversité biologique et la protection de la nature dans la commune d'aboisso,40000000
264,INVESTISSEMENT,71016001495,"Développer la distribution, les entrepôts et les magasins dans la Commune d'Aboisso",19320000
264,INVESTISSEMENT,71016001497,Développer les transports routiers dans la Commune d'Adiaké,151993000
264,INVESTISSEMENT,71016001505,"Développer la distribution, les entrepôts et les magasins dans la commune de bonoua",29000000
264,INVESTISSEMENT,71016001509,Développer les transports routiers dans la Commune de Grand-Bassam,229328000
264,INVESTISSEMENT,71016001516,"Développer la distribution, les entrepôts et les magasins e la commune d'assinie mafia",25000000
264,INVESTISSEMENT,71016001536,Développer l'enseignement primaire dans la Région du Sud-Comoé,234892000
264,INVESTISSEMENT,71016001537,Développer le deuxième cycle de l'enseignement secondaire dans la Région du Sud-Comoé,290654000
264,INVESTISSEMENT,71016001555,Développer l'enseignement primaire dans la commune d'adiake,63740000
264,INVESTISSEMENT,71016001574,Développer des services récréatifs et sportifs dans la Commune d'Ayamé,66000000
264,INVESTISSEMENT,71016001582,Développer les transports par voie d'eau e la commune d'assinie mafia,55086000
264,INVESTISSEMENT,71016001590,Développer les autres services généraux dans la commune de bonoua,231000000
264,INVESTISSEMENT,71016001614,Développer des services récréatifs et sportifs dans la région du sud-comoe,15500000
264,INVESTISSEMENT,71016001615,Développer les autres services généraux dans la commune d'adiake,29392091
264,INVESTISSEMENT,71016001624,Développer les transports routiers dans la commune de mafere,46200000
264,INVESTISSEMENT,71016001632,Développer le logement dans la Commune de Tiapoum,55000000
264,INVESTISSEMENT,71016001640,Développer les services de police dans la commune de grand-bassam,50000000
264,INVESTISSEMENT,71016001657,Développer des dispensaires et des maternités dans la Commune de Grand-Bassam,30000000
264,INVESTISSEMENT,71016001672,Développer des services récréatifs et sportifs dans la commune de tiapoum,24000000
264,INVESTISSEMENT,71016001688,"Promouvoir la recherche et le développement dans le domaine des loisirs, de la culture et du culte dans la commune de tiapoum",10000000
264,INVESTISSEMENT,71016001689,Promouvoir la recherche et le développement dans d'autres branches d'activités dans la région du sud-comoe,15000000
265,INVESTISSEMENT,71016001696,Développer l'enseignement primaire dans la Commune de Grand-Bassam,311478852
265,INVESTISSEMENT,71016001697,Développer l'enseignement primaire dans la Commune d'Aboisso,290573835
265,INVESTISSEMENT,71016001709,Développer des services récréatifs et sportifs dans la commune d'aboisso,10000000
265,INVESTISSEMENT,71016001793,Développer l'alimentation en eau dans la Commune de Tiapoum,59000000
265,INVESTISSEMENT,71016001794,Développer les équipements collectifs dans la commune d'aboisso,50000000
265,INVESTISSEMENT,71016001804,Acquérir des appareils et du matériel thérapeutique dans la commune d'adiake,20000000
265,INVESTISSEMENT,71016001824,Promouvoir la recherche et le développement dans le domaine des transports e la commune d'assinie mafia,27955817
265,INVESTISSEMENT,71016001835,Développer les transports routiers dans la Commune d'Ayamé,94192000
265,INVESTISSEMENT,71016001836,Développer les services généraux de planification et de statistiques dans la Région du Sud-comoé,55000000
265,INVESTISSEMENT,71016001844,Développer le premier cycle dans l'enseignement secondaire dans la Région du Sud-Comoé,444557000
265,INVESTISSEMENT,71016001853,Développer l'éclairage public dans la commune d'adiake,50000000
265,INVESTISSEMENT,71016001872,Développer l'enseignement primaire dans la Commune de Maféré,58653670
265,INVESTISSEMENT,71016001873,Protéger les familles et les enfants dans la commune de tiapoum,14000000
265,INVESTISSEMENT,71016001875,Développer les autres services généraux dans la commune de mafere,73000000
265,INVESTISSEMENT,71016001878,Développer l'enseignement primaire dans la Commune de Tiapoum,71000000
265,INVESTISSEMENT,71016001886,"Développer la distribution, les entrepôts et les magasins dans la Commune de Tiapoum",76000000
265,INVESTISSEMENT,71016002223,Développer le logement dans la commune d'Assinie-Mafia,28475000
265,INVESTISSEMENT,71016002224,Développer les équipements collectifs dans la commune d'Assinie-Mafia,72000000
265,INVESTISSEMENT,76016000994,Développer les autres services généraux dans la région de l'agneby-tiassa,276000000
265,INVESTISSEMENT,76016001009,Développer les autres services généraux dans la commune d'agboville,32000000
265,INVESTISSEMENT,76016001011,Développer les autres services généraux dans la commune d'azaguie,81000000
265,INVESTISSEMENT,76016001019,Développer les services de police dans la Région de l'Agneby-tiassa,155000000
265,INVESTISSEMENT,76016001031,Développer la gestion des déchets dans la commune d'azaguie,22500000
265,INVESTISSEMENT,76016001037,Développer la gestion des déchets dans la commune de de taabo,21999000
265,INVESTISSEMENT,76016001044,"Développer la distribution, les entrepôts et les magasins dans la Commune d'Agboville",43000000
265,INVESTISSEMENT,76016001052,"Développer la distribution, les entrepôts et les magasins dans la Commune de Rubino",50000000
265,INVESTISSEMENT,76016001055,Développer les transports routiers dans la Commune de Sikensi,202625000
265,INVESTISSEMENT,76016001056,"Développer la distribution, les entrepôts et les magasins dans la Commune de Sikensi",64831000
265,INVESTISSEMENT,76016001066,"Développer la distribution, les entrepôts et les magasins dans la Commune de de Tiassalé",48000000
265,INVESTISSEMENT,76016001070,"Développer la distribution, les entrepôts et les magasins dans la Commune de N'douci",29000000
265,INVESTISSEMENT,76016001073,Développer les équipements collectifs dans la commune d'agboville,50000000
265,INVESTISSEMENT,76016001075,Développer le logement dans la commune d'azaguie,51840475
265,INVESTISSEMENT,76016001077,Développer le logement dans la commune de rubino,18000000
266,INVESTISSEMENT,76016001081,Développer l'éclairage public dans la Commune de Sikensi,112456633
266,INVESTISSEMENT,76016001082,Développer le logement dans la commune de de taabo,30008000
266,INVESTISSEMENT,76016001083,Développer l'alimentation en eau dans la Commune de de Tiassalé,14000000
266,INVESTISSEMENT,76016001097,Développer des services récréatifs et sportifs dans la commune d'azaguie,80652000
266,INVESTISSEMENT,76016001100,Développer le premier cycle dans l'enseignement secondaire dans la Région de l'Agneby-tiassa,255000980
266,INVESTISSEMENT,76016001104,Développer l'enseignement primaire dans la Commune de N'douci,164000000
266,INVESTISSEMENT,76016001105,Développer l'enseignement préélémentaire dans la commune de n'douci,33000000
266,INVESTISSEMENT,76016001107,Développer l'enseignement primaire dans la Commune de de Taabo,71041484
266,INVESTISSEMENT,76016001108,Développer l'enseignement préélémentaire dans la commune de de taabo,11000000
266,INVESTISSEMENT,76016001124,Développer des dispensaires et des maternités dans la Commune de Sikensi,28740707
266,INVESTISSEMENT,76016001131,Protéger les familles et les enfants dans la commune de n'douci,40000000
266,INVESTISSEMENT,76016001205,Développer les transports routiers dans la Commune de de Taabo,80818000
266,INVESTISSEMENT,76016001210,Développer l'éclairage public dans la Commune de N'douci,78868740
266,INVESTISSEMENT,76016001220,Développer les autres services généraux dans la commune de taabo,240712000
266,INVESTISSEMENT,76016001221,Développer les autres services généraux dans la commune de tiassale,133000000
266,INVESTISSEMENT,76016001230,Développer les industries Manufacturières dans la Région de l'Agneby-tiassa,117000000
266,INVESTISSEMENT,76016001240,Promouvoir la recherche et le développement dans le domaine de la protection de l'environnement dans la commune d'azaguie,24000000
266,INVESTISSEMENT,76016001249,Développer les transports routiers dans la commune d'azaguie,30000000
266,INVESTISSEMENT,76016001251,Développer des dispensaires et des maternités dans la Région de l'Agneby-tiassa,80000000
266,INVESTISSEMENT,76016001252,Développer les transports routiers dans la Commune de Rubino,32191395
266,INVESTISSEMENT,76016001258,Développer les transports routiers dans la Commune de de Tiassalé,54000000
266,INVESTISSEMENT,76016001260,Développer les transports routiers dans la Commune de N'douci,65000000
266,INVESTISSEMENT,76016001264,Développer des dispensaires et des maternités dans la Commune d'Agboville,80000000
266,INVESTISSEMENT,76016001267,Développer les équipements collectifs dans la Commune de Sikensi,40000000
266,INVESTISSEMENT,76016001268,Développer le logement dans la commune de n'douci,20000000
266,INVESTISSEMENT,76016001276,Développer la lutte contre les exclusions sociales non classées ailleurs dans la région de l'agneby-tiassa,28000000
266,INVESTISSEMENT,76016001280,Développer l'enseignement primaire dans la Commune de Rubino,110000000
266,INVESTISSEMENT,76016001282,Développer l'enseignement primaire dans la Commune d'Agboville,242220913
266,INVESTISSEMENT,76016001295,Développer des services culturels dans la Commune de de Taabo,5000000
266,INVESTISSEMENT,76016001313,Développer l'enseignement primaire dans la Commune d'Azaguié,46000000
266,INVESTISSEMENT,76016001326,Développer des services culturels dans la Commune d'Azaguié,12277000
266,INVESTISSEMENT,76016001330,Développer le logement dans la région de l'agneby-tiassa,52800000
266,INVESTISSEMENT,76016001331,Développer les équipements collectifs dans la Commune de de Tiassalé,15000000
267,INVESTISSEMENT,76016001338,Développer des dispensaires et des maternités dans la commune de n'douci,15000000
267,INVESTISSEMENT,76016001344,Développer les services généraux de planification et de statistiques dans la région de l'agneby-tiassa,24000000
267,INVESTISSEMENT,76016001357,Développer les services généraux de planification et de statistiques dans la commune de rubino,28000000
267,INVESTISSEMENT,76016001358,Développer l'éclairage public dans la Région de l'Agneby-tiassa,87000000
267,INVESTISSEMENT,76016001360,Développer l'agriculture dans la région de l'agneby-tiassa,25000000
267,INVESTISSEMENT,76016001361,"Développer la distribution, les entrepôts et les magasins dans la Région de l'Agneby-tiassa",182565000
267,INVESTISSEMENT,76016001364,Développer les équipements collectifs dans la commune d'azaguie,19664000
267,INVESTISSEMENT,76016001365,Développer l'éclairage public dans la Commune de Rubino,29780000
267,INVESTISSEMENT,76016001368,Développer l'alimentation en eau dans la commune de n'douci,26000000
267,INVESTISSEMENT,76016001371,Développer les services de police dans la commune d'agboville,150000000
267,INVESTISSEMENT,76016001382,Développer l'enseignement non défini par niveau dans la Commune de de Tiassalé,10000000
267,INVESTISSEMENT,76016001398,Développer l'enseignement primaire dans la Région de l'Agneby-tiassa,335926000
267,INVESTISSEMENT,76016001399,Développer l'enseignement non défini par niveau dans la Région de l'Agneby-tiassa,29500000
267,INVESTISSEMENT,76016001404,Développer le deuxième cycle de l'enseignement sécondaire dans la Région de l'Agneby-tiassa,333178000
267,INVESTISSEMENT,76016001413,"Développer des services de radiodiffusion, de télévision et d'édition dans la commune de rubino",25000000
267,INVESTISSEMENT,76016001465,Développer l'enseignement primaire dans la Commune de de Tiassalé,89000000
267,INVESTISSEMENT,76016001502,Développer l'éclairage public dans la Commune de de Tiassalé,105000000
267,INVESTISSEMENT,76016001503,Développer les autres services généraux dans la Commune de N'douci,85000000
267,INVESTISSEMENT,76016001524,Développer l'enseignement primaire dans la Commune de Sikensi,108000000
267,INVESTISSEMENT,76016001527,Développer le logement dans le cadre de la protection sociale dans la commune de rubino,38000000
267,INVESTISSEMENT,76016001537,"Développer la distribution, les entrepôts et les magasins dans la commune d'azaguie",108416000
267,INVESTISSEMENT,76016001552,Développer les transports routiers dans la Région de l'Agneby-tiassa,90000000
267,INVESTISSEMENT,76016001559,Développer des services culturels dans la Commune de Rubino,54000000
267,INVESTISSEMENT,76016001567,Développer l'alimentation en eau dans la Région de l'Agneby-tiassa,200000000
267,INVESTISSEMENT,76016001568,Développer les équipements collectifs dans la commune de rubino,52500000
267,INVESTISSEMENT,76016001569,"Promouvoir la recherche et le développement dans le domaine de l'agriculture, la sylviculture, la pêche et la chasse dans la Région de",57300000
267,INVESTISSEMENT,76016001575,Développer des dispensaires et des maternités dans la commune de de tiassale,22698492
267,INVESTISSEMENT,77016000888,Développer les services généraux de planification et de statistiques dans la Commune d'Agou,15000000
267,INVESTISSEMENT,77016000893,Développer les industries manufacturières dans la région de la mé,360000000
267,INVESTISSEMENT,77016000900,Développer les autres services généraux dans la commune d'agou,55877000
267,INVESTISSEMENT,77016000902,Développer les autres services généraux dans la commune d'Alépé,38000000
267,INVESTISSEMENT,77016000911,"Promouvoir la recherche et le développement dans le domaine de l'agriculture, la sylviculture, la pêche et la chasse dans la région dan",30000000
267,INVESTISSEMENT,77016000919,Développer la gestion des eaux usées dans la commune d'affery,60000000
268,INVESTISSEMENT,77016000926,Développer la gestion des eaux usées dans la Commune d'Alépé,90000000
268,INVESTISSEMENT,77016000931,Développer les équipements collectifs dans la Commune d'Affery,15098834
268,INVESTISSEMENT,77016000932,Développer l'alimentation en eau dans la commune d'affery,30000000
268,INVESTISSEMENT,77016000938,Développer l'alimentation en eau dans la commune d'Alépé,70000000
268,INVESTISSEMENT,77016000939,Développer l'éclairage public dans la Commune d'Alépé,28000000
268,INVESTISSEMENT,77016000940,Développer l'éclairage public dans la commune de yakasse-attobrou,75401203
268,INVESTISSEMENT,77016000946,Développer l'agriculture dans la commune d'affery,29000000
268,INVESTISSEMENT,77016000948,Développer les transports routiers dans la Commune d'Affery,108000000
268,INVESTISSEMENT,77016000951,Développer les transports routiers dans la Commune d'Agou,5000000
268,INVESTISSEMENT,77016000953,"Développer la distribution, les entrepôts et les magasins dans la Commune d'Agou",97596000
268,INVESTISSEMENT,77016000956,Développer les transports routiers dans la commune d'akoupe,150000000
268,INVESTISSEMENT,77016000964,Développer les transports routiers dans la Commune de Yakassé-Attobrou,186700000
268,INVESTISSEMENT,77016000975,Développer l'enseignement préélémentaire dans la Région dans la Mé,14000000
268,INVESTISSEMENT,77016000976,Développer l'enseignement primaire dans la Région dans la Mé,114000000
268,INVESTISSEMENT,77016000980,Développer l'enseignement primaire dans la Commune de Yakassé-Attobrou,38962000
268,INVESTISSEMENT,77016000981,Développer l'enseignement préélémentaire dans la Commune de Yakassé-Attobrou,35000000
268,INVESTISSEMENT,77016000982,Développer l'enseignement primaire dans la Commune d'Alépé,89112000
268,INVESTISSEMENT,77016000983,Développer l'enseignement primaire dans la Commune d'Akoupé,242960448
268,INVESTISSEMENT,77016000984,Développer l'enseignement pré-élémentaire dans la Commune d'Akoupé,86000000
268,INVESTISSEMENT,77016000992,Développer des dispensaires et des maternités dans la Région dans la Mé,283200000
268,INVESTISSEMENT,77016000997,Développer des dispensaires et des maternités dans la Commune de Yakassé-Attobrou,70000000
268,INVESTISSEMENT,77016001004,Acquérir des appareils et du matériel thérapeutique dans la commune d'agou,15792000
268,INVESTISSEMENT,77016001014,Développer des services culturels dans la commune d'affery,33750000
268,INVESTISSEMENT,77016001020,Protéger les familles et les enfants dans la Commune d'Agou,9622000
268,INVESTISSEMENT,77016001028,Protéger les familles et les enfants dans la commune d'Alépé,19435179
268,INVESTISSEMENT,77016001069,Développer l'enseignement primaire dans la Commune d'Agou,108754053
268,INVESTISSEMENT,77016001075,"Développer la distribution, les entrepôts et les magasins dans la Commune d'Akoupé",40203000
268,INVESTISSEMENT,77016001078,Développer des services culturels dans la commune d'agou,52828213
268,INVESTISSEMENT,77016001084,Développer l'agriculture dans la commune d'agou,17393000
268,INVESTISSEMENT,77016001088,Développer des dispensaires et des maternités dans la commune d'affery,42000344
268,INVESTISSEMENT,77016001107,Développer les services généraux de planification et de statistiques dans la commune d'akoupe,17000000
268,INVESTISSEMENT,77016001117,Développer l'alimentation en eau dans la région dans la Mé,60000000
268,INVESTISSEMENT,77016001134,Développer les transports routiers dans la Commune d'Adzopé,90000000
269,INVESTISSEMENT,77016001137,"Développer la distribution, les entrepôts et les magasins dans la Commune d'Affery",107482166
269,INVESTISSEMENT,77016001140,Développer des dispensaires et des maternités dans la Commune d'Alépé,100000000
269,INVESTISSEMENT,77016001144,Développer des dispensaires et des maternités dans la Commune d'Adzopé,60000000
269,INVESTISSEMENT,77016001146,Développer le logement dans la commune d'agou,25178000
269,INVESTISSEMENT,77016001149,Développer l'alimentation en eau dans la commune de yakasse-attobrou,88153000
269,INVESTISSEMENT,77016001153,Développer le deuxième cycle de l'enseignement sécondaire dans la Région dans la Mé,25000000
269,INVESTISSEMENT,77016001158,Développer l'enseignement primaire dans la Commune d'Affery,18000000
269,INVESTISSEMENT,77016001159,Développer l'enseignement primaire dans la Commune d'Adzopé,277000000
269,INVESTISSEMENT,77016001178,"Développer des services de radiodiffusion, de télévision et d'édition dans la commune de yakasse-attobrou",20000000
269,INVESTISSEMENT,77016001181,"Promouvoir la recherche et le développement dans le domaine des loisirs, de la culture et du culte dans la commune d'Adzopé",7084143
269,INVESTISSEMENT,77016001182,Développer l'éclairage public dans la commune d'affery,30000000
269,INVESTISSEMENT,77016001212,Développer les services de police dans la commune d'Adzopé,87084000
269,INVESTISSEMENT,77016001229,Développer l'alimentation en eau dans la commune d'agou,15977000
269,INVESTISSEMENT,77016001235,Développer des dispensaires et des maternités dans la Commune d'Agou,18353000
269,INVESTISSEMENT,77016001240,Développer le premier cycle dans l'enseignement secondaire dans la Région dans la Mé,1066164764
269,INVESTISSEMENT,77016001333,Développer la gestion des eaux usées dans la commune d'Adzopé,42336000
269,INVESTISSEMENT,77016001334,Développer les équipements collectifs dans la Commune d'Agou,13202000
269,INVESTISSEMENT,77016001348,Développer les transports routiers dans la Commune d'Alépé,86178000
269,INVESTISSEMENT,77016001353,Développer l'agriculture dans la région dans la mé,230000000
269,INVESTISSEMENT,77016001363,Développer des services récréatifs et sportifs dans la commune d'affery,10000000
269,INVESTISSEMENT,77016001392,"Développer des services de radiodiffusion, de télévision et d'édition dans la Commune d'Agou",4000000
269,INVESTISSEMENT,78016001449,Développer l'alimentation en eau dans la Commune de Songon,88210000
269,INVESTISSEMENT,78016001527,Développer les transports routiers dans la Commune d'Anyama,513152000
269,INVESTISSEMENT,78016001531,Développer les transports par voie d'eau dans la commune de Songon,60000000
269,INVESTISSEMENT,78016001549,Développer l'enseignement préélémentaire dans la Commune de Songon,58000000
269,INVESTISSEMENT,78016001550,Développer l'enseignement primaire dans la commune d'Anyama,311900157
269,INVESTISSEMENT,78016001552,Développer l'enseignement primaire e la commune d'Attécoubé,160000000
269,INVESTISSEMENT,78016001554,Développer l'enseignement primaire dans la Commune de Bingerville,202868679
269,INVESTISSEMENT,78016001555,Développer l'enseignement pré-élémentaire dans la Commune de Bingerville,97000000
269,INVESTISSEMENT,78016001573,Développer des dispensaires et des maternités e la commune d'Attécoubé,40000000
269,INVESTISSEMENT,78016001575,Développer des dispensaires et des maternités dans la Commune de Bingerville,10000000
269,INVESTISSEMENT,78016001589,Développer des services culturels dans la commune d'Anyama,43000000
269,INVESTISSEMENT,78016001591,Développer des services culturels dans la commune de Bingerville,11220000
270,INVESTISSEMENT,78016001592,Développer des services récréatifs et sportifs dans la Commune de Bingerville,160132000
270,INVESTISSEMENT,78016001744,Développer les autres services généraux dans la commune de Bingerville,292401000
270,INVESTISSEMENT,78016001803,Développer les transports routiers dans la commune de Songon,78000000
270,INVESTISSEMENT,78016001817,Développer des dispensaires et des maternités dans la Commune de Songon,125790382
270,INVESTISSEMENT,78016001838,Provision pour investissement des collectivités territoriales,3000000000
270,INVESTISSEMENT,78016001962,Développer des services récréatifs et sportifs dans la commune d'Anyama,100000000
270,INVESTISSEMENT,78016001999,Développer l'enseignement primaire dans la Commune de Songon,170677000
270,INVESTISSEMENT,78016002107,Protéger les familles et les enfants dans la commune de Bingerville,20000000
270,INVESTISSEMENT,78016002167,Développer des dispensaires et des maternités dans la commune d'Anyama,92100000
270,INVESTISSEMENT,79016000548,Développer les autres services généraux dans la Région des Grands Ponts,227000000
270,INVESTISSEMENT,79016000558,Développer les autres services généraux dans la commune de Jacqueville,110000000
270,INVESTISSEMENT,79016000568,Développer la gestion des déchets dans la commune de Jacqueville,29000000
270,INVESTISSEMENT,79016000572,Développer la préservation de la diversité biologique et la protection de la nature dans la commune de grand-lahou,10000801
270,INVESTISSEMENT,79016000574,Développer l'éclairage public dans la commune de dabou,35000000
270,INVESTISSEMENT,79016000576,Développer l'alimentation en eau dans la Commune de Jacqueville,51000000
270,INVESTISSEMENT,79016000578,Développer les équipements collectifs dans la Commune de Grand-lahou,30000000
270,INVESTISSEMENT,79016000589,Développer les transports routiers dans la Commune de Grand-lahou,72550000
270,INVESTISSEMENT,79016000593,Promouvoir la recherche et le développement dans d'autres branches d'activités dans la commune de grand-lahou,28000000
270,INVESTISSEMENT,79016000594,Développer l'alimentation en eau dans la Région des Grands ponts,100000000
270,INVESTISSEMENT,79016000597,Développer l'enseignement préélémentaire dans la région des grands ponts,20000000
270,INVESTISSEMENT,79016000600,Développer l'enseignement préélémentaire dans la commune de grand-lahou,30000000
270,INVESTISSEMENT,79016000601,Développer l'enseignement primaire dans la Commune de Jacqueville,45000000
270,INVESTISSEMENT,79016000602,Développer l'enseignement préélémentaire dans la commune de Jacqueville,93441152
270,INVESTISSEMENT,79016000603,Développer l'enseignement primaire dans la Commune de Dabou,360592000
270,INVESTISSEMENT,79016000605,Développer la lutte contre le chômage dans la région des grands ponts,50000000
270,INVESTISSEMENT,79016000611,Acquérir des appareils et du matériel thérapeutique dans la commune de grand-lahou,20000000
270,INVESTISSEMENT,79016000613,Développer des services culturels dans la Région des Grands Ponts,252984000
270,INVESTISSEMENT,79016000614,Développer des services récréatifs et sportifs dans la région des grands ponts,40000000
270,INVESTISSEMENT,79016000615,Développer des dispensaires et des maternités dans la Commune de Dabou,56036000
270,INVESTISSEMENT,79016000616,Développer des services récréatifs et sportifs dans la commune de grand-lahou,108500000
270,INVESTISSEMENT,79016000618,Développer des services culturels dans la commune de Jacqueville,60000000
270,INVESTISSEMENT,79016000662,Développer le premier cycle dans l'enseignement sécondaire dans la Région des Grands ponts,580000000
270,INVESTISSEMENT,79016000663,Développer des dispensaires et des maternités dans la commune de Jacqueville,14000000
271,INVESTISSEMENT,79016000665,Développer l'enseignement pré-élémentaire dans la Commune de Dabou,100554000
271,INVESTISSEMENT,79016000685,"Développer la distribution, les entrepôts et les magasins dans la commune de grand-lahou",45000000
271,INVESTISSEMENT,79016000690,Développer le logement dans la région des grands ponts,172000000
271,INVESTISSEMENT,79016000691,Développer l'éclairage public dans la Région des Grands ponts,330206000
271,INVESTISSEMENT,79016000702,Développer le logement dans la commune de Jacqueville,56000000
271,INVESTISSEMENT,79016000703,Développer l'éclairage public dans la commune de Jacqueville,29000000
271,INVESTISSEMENT,79016000736,Développer les transports routiers dans la Commune de Dabou,68000000
271,INVESTISSEMENT,79016000742,Développer l'agriculture dans la région des grands ponts,40000000
271,INVESTISSEMENT,79016000743,"Développer la distribution, les entrepôts et les magasins dans la région des grands ponts",100000000
271,INVESTISSEMENT,79016000744,Développer l'éclairage public dans la Commune de Grand-lahou,101957000
271,INVESTISSEMENT,79016000745,Développer des dispensaires et des maternités dans la commune de grand-lahou,20000000
271,INVESTISSEMENT,79016000750,"Développer des services de radiodiffusion, de télévision et d'édition dans la région des grands ponts",23819000
271,INVESTISSEMENT,79016000768,Développer des services culturels dans la Commune de Dabou,38000000
271,INVESTISSEMENT,79016000771,Développer les transports routiers dans la Commune de Jacqueville,17000000
271,INVESTISSEMENT,79016000839,Développer les transports par voie d'eau dans la région des grands ponts,36000000
271,INVESTISSEMENT,79016000847,Acquérir des appareils et du matériel thérapeutique dans la Région des Grands Ponts,7000000
271,INVESTISSEMENT,79016000848,Développer des services récréatifs et sportifs dans la Commune de Dabou,18283251
271,INVESTISSEMENT,79016000850,Développer l'enseignement primaire dans la Commune de Grand-lahou,75000000
271,INVESTISSEMENT,79016000862,"Développer la distribution, les entrepôts et les magasins dans la commune de Jacqueville",50000000
271,INVESTISSEMENT,79016000867,Développer des dispensaires et des maternités dans la Région des Grands ponts,8635000
271,INVESTISSEMENT,79016000871,Développer l'enseignement primaire dans la Région des Grands Ponts,193263626
271,INVESTISSEMENT,90016000010,Projet pilote d'Appui à la Mobilisation des Revenus Propres des Commune s de Côte d'Ivoire (PAMREC),131000000
